+56: set -u
++59: dirname tests/fm-teardown.test.sh
+59: . tests/lib.sh
++24: '[' -n '' ']'
++27: FM_TEST_LIB_SOURCED=1
++34: umask 022
+++39: dirname tests/lib.sh
++39: . tests/git-config-helpers.sh
+++26: export GIT_CONFIG_GLOBAL=/dev/null GIT_CONFIG_NOSYSTEM=1
+++26: GIT_CONFIG_GLOBAL=/dev/null
+++26: GIT_CONFIG_NOSYSTEM=1
++48: export FM_GATE_REFUSE_BYPASS=1
++48: FM_GATE_REFUSE_BYPASS=1
++54: export FM_ASK_TRIAGE_SECRETS=/nonexistent/fm-test-no-secrets
++54: FM_ASK_TRIAGE_SECRETS=/nonexistent/fm-test-no-secrets
++55: unset FM_ASK_TRIAGE_HELPER FM_ASK_TRIAGE_KEY_VAR
++61: unset FM_TASK_ID
++71: unset TASKS_AXI_FILE TASKS_AXI_BACKEND
++++76: dirname tests/lib.sh
+++76: cd tests/..
+++76: pwd
++76: ROOT=/Users/bastotecnologia/.no-mistakes/worktrees/5a1fd3284f12/01M34QFFNA8GHX8N66YZVVJXKG
++107: FM_TEST_CLEANUP_DIRS=()
+++108: mktemp /var/folders/zk/8g327wwn58x475n0vfwjlkph0000gn/T//.fm-test-cleanup.34692.XXXXXX
++108: FM_TEST_CLEANUP_REGISTRY=/var/folders/zk/8g327wwn58x475n0vfwjlkph0000gn/T//.fm-test-cleanup.34692.CUZsNs
+++116: fm_test_pid_identity 34692
+++111: local pid=34692
+++112: FM_STATE_OVERRIDE=/var/folders/zk/8g327wwn58x475n0vfwjlkph0000gn/T/
+++112: bash -c '. "$1"; fm_pid_identity "$2"' _ /Users/bastotecnologia/.no-mistakes/worktrees/5a1fd3284f12/01M34QFFNA8GHX8N66YZVVJXKG/bin/fm-wake-lib.sh 34692
++116: FM_TEST_OWNER_IDENTITY='Tue Sep 22 15:27:08 2026     bash -x tests/fm-teardown.test.sh'
+++132: mktemp /var/folders/zk/8g327wwn58x475n0vfwjlkph0000gn/T//.fm-test-helpers.34692.XXXXXX
++132: FM_TEST_HELPER_PID_REGISTRY=/var/folders/zk/8g327wwn58x475n0vfwjlkph0000gn/T//.fm-test-helpers.34692.ZjTB4H
+++241: mktemp /var/folders/zk/8g327wwn58x475n0vfwjlkph0000gn/T//.fm-test-procevent.34692.XXXXXX
++241: FM_TEST_PROCEVENT_REGISTRY=/var/folders/zk/8g327wwn58x475n0vfwjlkph0000gn/T//.fm-test-procevent.34692.zoMfPM
++274: FM_TEST_STUB_MAX_BLOCK_SECONDS=120
++275: export FM_TEST_STUB_MAX_BLOCK_SECONDS
++307: trap fm_test_cleanup EXIT
++308: trap 'fm_test_cleanup; exit 130' INT
++309: trap 'fm_test_cleanup; exit 143' TERM
++310: trap 'fm_test_cleanup; exit 129' HUP
++311: trap 'fm_test_cleanup; exit 131' QUIT
++320: FM_TEST_ORPHAN_MAX_AGE_SECONDS=3600
++351: '[' 0 '!=' 1 ']'
++352: fm_test_reap_orphans
++323: local marker dir mtime now owner_pid owner_identity current_identity
+++324: date +%s
++324: now=1790101628
++325: for marker in '"${TMPDIR:-/tmp}"/fm-*/.fm-test-fixture'
++326: '[' -e /var/folders/zk/8g327wwn58x475n0vfwjlkph0000gn/T//fm-control-auth.bzJiP7/.fm-test-fixture ']'
+++327: sed -n 1p /var/folders/zk/8g327wwn58x475n0vfwjlkph0000gn/T//fm-control-auth.bzJiP7/.fm-test-fixture
++327: owner_pid=58688
+++328: sed -n '2,$p' /var/folders/zk/8g327wwn58x475n0vfwjlkph0000gn/T//fm-control-auth.bzJiP7/.fm-test-fixture
++328: owner_identity='Tue Sep 22 14:38:45 2026     bash tests/fm-control-relaunch.test.sh'
++329: case "$owner_pid" in
+++332: fm_test_pid_identity 58688
++332: current_identity=
++332: current_identity=
++333: '[' -n 'Tue Sep 22 14:38:45 2026     bash tests/fm-control-relaunch.test.sh' ']'
++333: '[' '' = 'Tue Sep 22 14:38:45 2026     bash tests/fm-control-relaunch.test.sh' ']'
+++338: stat -c %Y /var/folders/zk/8g327wwn58x475n0vfwjlkph0000gn/T//fm-control-auth.bzJiP7/.fm-test-fixture
+++338: stat -f %m /var/folders/zk/8g327wwn58x475n0vfwjlkph0000gn/T//fm-control-auth.bzJiP7/.fm-test-fixture
++338: mtime=1790098815
++339: '[' 2813 -ge 3600 ']'
++339: continue
+60: fm_git_identity fmtest fmtest@example.invalid
+589: export GIT_AUTHOR_NAME=fmtest GIT_AUTHOR_EMAIL=fmtest@example.invalid
+589: GIT_AUTHOR_NAME=fmtest
+589: GIT_AUTHOR_EMAIL=fmtest@example.invalid
+590: export GIT_COMMITTER_NAME=fmtest GIT_COMMITTER_EMAIL=fmtest@example.invalid
+590: GIT_COMMITTER_NAME=fmtest
+590: GIT_COMMITTER_EMAIL=fmtest@example.invalid
+62: TEARDOWN=/Users/bastotecnologia/.no-mistakes/worktrees/5a1fd3284f12/01M34QFFNA8GHX8N66YZVVJXKG/bin/fm-teardown.sh
+63: PR_CHECK=/Users/bastotecnologia/.no-mistakes/worktrees/5a1fd3284f12/01M34QFFNA8GHX8N66YZVVJXKG/bin/fm-pr-check.sh
++64: fm_test_tmproot fm-teardown-tests
++294: local prefix=fm-teardown-tests root tmp_base
++295: tmp_base=/var/folders/zk/8g327wwn58x475n0vfwjlkph0000gn/T/
++296: tmp_base=/var/folders/zk/8g327wwn58x475n0vfwjlkph0000gn/T
+++297: mktemp -d /var/folders/zk/8g327wwn58x475n0vfwjlkph0000gn/T/fm-teardown-tests.XXXXXX
++297: root=/var/folders/zk/8g327wwn58x475n0vfwjlkph0000gn/T/fm-teardown-tests.VLaZgt
+++298: cd -P -- /var/folders/zk/8g327wwn58x475n0vfwjlkph0000gn/T/fm-teardown-tests.VLaZgt
+++298: pwd -P
++298: root=/private/var/folders/zk/8g327wwn58x475n0vfwjlkph0000gn/T/fm-teardown-tests.VLaZgt
++299: printf '%s\n%s\n' 34692 'Tue Sep 22 15:27:08 2026     bash -x tests/fm-teardown.test.sh'
++300: printf '%s\n' /private/var/folders/zk/8g327wwn58x475n0vfwjlkph0000gn/T/fm-teardown-tests.VLaZgt
++304: printf '%s\n' /private/var/folders/zk/8g327wwn58x475n0vfwjlkph0000gn/T/fm-teardown-tests.VLaZgt
+64: TMP_ROOT=/private/var/folders/zk/8g327wwn58x475n0vfwjlkph0000gn/T/fm-teardown-tests.VLaZgt
++65: command -v git
+65: REAL_GIT_FOR_TEST=/usr/bin/git
+66: export REAL_GIT_FOR_TEST
++67: command -v ps
+67: REAL_PS_FOR_TEST=/bin/ps
+68: export REAL_PS_FOR_TEST
++69: command -v lsof
+69: REAL_LSOF_FOR_TEST=/usr/sbin/lsof
+70: export REAL_LSOF_FOR_TEST
+3742: test_local_only_fork_remote_allows
+678: local case_dir rc
++679: make_case fork-allow
++80: local name=fork-allow case_dir fakebin
++81: case_dir=/private/var/folders/zk/8g327wwn58x475n0vfwjlkph0000gn/T/fm-teardown-tests.VLaZgt/fork-allow
++82: fakebin=/private/var/folders/zk/8g327wwn58x475n0vfwjlkph0000gn/T/fm-teardown-tests.VLaZgt/fork-allow/fakebin
++83: mkdir -p /private/var/folders/zk/8g327wwn58x475n0vfwjlkph0000gn/T/fm-teardown-tests.VLaZgt/fork-allow/state /private/var/folders/zk/8g327wwn58x475n0vfwjlkph0000gn/T/fm-teardown-tests.VLaZgt/fork-allow/config /private/var/folders/zk/8g327wwn58x475n0vfwjlkph0000gn/T/fm-teardown-tests.VLaZgt/fork-allow/data /private/var/folders/zk/8g327wwn58x475n0vfwjlkph0000gn/T/fm-teardown-tests.VLaZgt/fork-allow/fakebin
++87: cat
++92: cat
++101: cat
++109: cat
++129: cat
++168: chmod +x /private/var/folders/zk/8g327wwn58x475n0vfwjlkph0000gn/T/fm-teardown-tests.VLaZgt/fork-allow/fakebin/treehouse /private/var/folders/zk/8g327wwn58x475n0vfwjlkph0000gn/T/fm-teardown-tests.VLaZgt/fork-allow/fakebin/tmux /private/var/folders/zk/8g327wwn58x475n0vfwjlkph0000gn/T/fm-teardown-tests.VLaZgt/fork-allow/fakebin/gh-axi /private/var/folders/zk/8g327wwn58x475n0vfwjlkph0000gn/T/fm-teardown-tests.VLaZgt/fork-allow/fakebin/gh /private/var/folders/zk/8g327wwn58x475n0vfwjlkph0000gn/T/fm-teardown-tests.VLaZgt/fork-allow/fakebin/no-mistakes
++171: git init -q --bare /private/var/folders/zk/8g327wwn58x475n0vfwjlkph0000gn/T/fm-teardown-tests.VLaZgt/fork-allow/origin.git
++172: git -C /private/var/folders/zk/8g327wwn58x475n0vfwjlkph0000gn/T/fm-teardown-tests.VLaZgt/fork-allow/origin.git symbolic-ref HEAD refs/heads/main
++174: git clone -q /private/var/folders/zk/8g327wwn58x475n0vfwjlkph0000gn/T/fm-teardown-tests.VLaZgt/fork-allow/origin.git /private/var/folders/zk/8g327wwn58x475n0vfwjlkph0000gn/T/fm-teardown-tests.VLaZgt/fork-allow/_seed
++175: git -C /private/var/folders/zk/8g327wwn58x475n0vfwjlkph0000gn/T/fm-teardown-tests.VLaZgt/fork-allow/_seed -c user.email=t@t -c user.name=t commit -q --allow-empty -m 'origin baseline'
++177: git -C /private/var/folders/zk/8g327wwn58x475n0vfwjlkph0000gn/T/fm-teardown-tests.VLaZgt/fork-allow/_seed push -q origin main
++178: rm -rf /private/var/folders/zk/8g327wwn58x475n0vfwjlkph0000gn/T/fm-teardown-tests.VLaZgt/fork-allow/_seed
++180: git clone -q /private/var/folders/zk/8g327wwn58x475n0vfwjlkph0000gn/T/fm-teardown-tests.VLaZgt/fork-allow/origin.git /private/var/folders/zk/8g327wwn58x475n0vfwjlkph0000gn/T/fm-teardown-tests.VLaZgt/fork-allow/project
++181: git -C /private/var/folders/zk/8g327wwn58x475n0vfwjlkph0000gn/T/fm-teardown-tests.VLaZgt/fork-allow/project remote set-head origin main
++183: git -C /private/var/folders/zk/8g327wwn58x475n0vfwjlkph0000gn/T/fm-teardown-tests.VLaZgt/fork-allow/project worktree add -q -b fm/task-x1 /private/var/folders/zk/8g327wwn58x475n0vfwjlkph0000gn/T/fm-teardown-tests.VLaZgt/fork-allow/wt main
++186: touch /private/var/folders/zk/8g327wwn58x475n0vfwjlkph0000gn/T/fm-teardown-tests.VLaZgt/fork-allow/state/.last-watcher-beat
++188: printf '%s\n' /private/var/folders/zk/8g327wwn58x475n0vfwjlkph0000gn/T/fm-teardown-tests.VLaZgt/fork-allow
+679: case_dir=/private/var/folders/zk/8g327wwn58x475n0vfwjlkph0000gn/T/fm-teardown-tests.VLaZgt/fork-allow
+680: write_meta /private/var/folders/zk/8g327wwn58x475n0vfwjlkph0000gn/T/fm-teardown-tests.VLaZgt/fork-allow local-only ship
+193: local case_dir=/private/var/folders/zk/8g327wwn58x475n0vfwjlkph0000gn/T/fm-teardown-tests.VLaZgt/fork-allow mode=local-only kind=ship
+194: fm_write_meta /private/var/folders/zk/8g327wwn58x475n0vfwjlkph0000gn/T/fm-teardown-tests.VLaZgt/fork-allow/state/task-x1.meta window=firstmate:fm-task-x1 endpoint_task_id=task-x1 worktree=/private/var/folders/zk/8g327wwn58x475n0vfwjlkph0000gn/T/fm-teardown-tests.VLaZgt/fork-allow/wt project=/private/var/folders/zk/8g327wwn58x475n0vfwjlkph0000gn/T/fm-teardown-tests.VLaZgt/fork-allow/project kind=ship mode=local-only spawn_gen=teardown-test-task-x1
+630: local file=/private/var/folders/zk/8g327wwn58x475n0vfwjlkph0000gn/T/fm-teardown-tests.VLaZgt/fork-allow/state/task-x1.meta kv
+631: shift
+632: :
+633: for kv in '"$@"'
+634: printf '%s\n' window=firstmate:fm-task-x1
+633: for kv in '"$@"'
+634: printf '%s\n' endpoint_task_id=task-x1
+633: for kv in '"$@"'
+634: printf '%s\n' worktree=/private/var/folders/zk/8g327wwn58x475n0vfwjlkph0000gn/T/fm-teardown-tests.VLaZgt/fork-allow/wt
+633: for kv in '"$@"'
+634: printf '%s\n' project=/private/var/folders/zk/8g327wwn58x475n0vfwjlkph0000gn/T/fm-teardown-tests.VLaZgt/fork-allow/project
+633: for kv in '"$@"'
+634: printf '%s\n' kind=ship
+633: for kv in '"$@"'
+634: printf '%s\n' mode=local-only
+633: for kv in '"$@"'
+634: printf '%s\n' spawn_gen=teardown-test-task-x1
+681: wt_commit /private/var/folders/zk/8g327wwn58x475n0vfwjlkph0000gn/T/fm-teardown-tests.VLaZgt/fork-allow 'fix the thing'
+206: local case_dir=/private/var/folders/zk/8g327wwn58x475n0vfwjlkph0000gn/T/fm-teardown-tests.VLaZgt/fork-allow 'msg=fix the thing'
+207: git -C /private/var/folders/zk/8g327wwn58x475n0vfwjlkph0000gn/T/fm-teardown-tests.VLaZgt/fork-allow/wt -c user.email=t@t -c user.name=t commit -q --allow-empty -m 'fix the thing'
+682: add_fork_with_pushed_branch /private/var/folders/zk/8g327wwn58x475n0vfwjlkph0000gn/T/fm-teardown-tests.VLaZgt/fork-allow
+215: local case_dir=/private/var/folders/zk/8g327wwn58x475n0vfwjlkph0000gn/T/fm-teardown-tests.VLaZgt/fork-allow
+216: git init -q --bare /private/var/folders/zk/8g327wwn58x475n0vfwjlkph0000gn/T/fm-teardown-tests.VLaZgt/fork-allow/fork.git
+217: git -C /private/var/folders/zk/8g327wwn58x475n0vfwjlkph0000gn/T/fm-teardown-tests.VLaZgt/fork-allow/project remote add fork /private/var/folders/zk/8g327wwn58x475n0vfwjlkph0000gn/T/fm-teardown-tests.VLaZgt/fork-allow/fork.git
+220: git -C /private/var/folders/zk/8g327wwn58x475n0vfwjlkph0000gn/T/fm-teardown-tests.VLaZgt/fork-allow/wt push -q fork fm/task-x1
+221: git -C /private/var/folders/zk/8g327wwn58x475n0vfwjlkph0000gn/T/fm-teardown-tests.VLaZgt/fork-allow/project fetch -q fork
+685: printf 'fm-branch-outcome-index-v1\t5\t0\t-\n'
+686: mkdir -p /private/var/folders/zk/8g327wwn58x475n0vfwjlkph0000gn/T/fm-teardown-tests.VLaZgt/fork-allow/state/wake-gate
++687: date +%s
+687: printf '%s\tfailure\n' 1790101628
+689: set +e
+690: run_teardown /private/var/folders/zk/8g327wwn58x475n0vfwjlkph0000gn/T/fm-teardown-tests.VLaZgt/fork-allow
+691: rc=0
+692: set -e
+694: expect_code 0 0 'fork-allow: teardown should succeed when HEAD is on a fork remote'
+689: local expected=0 actual=0 'label=fork-allow: teardown should succeed when HEAD is on a fork remote'
+690: '[' 0 = 0 ']'
+695: grep -q REFUSED /private/var/folders/zk/8g327wwn58x475n0vfwjlkph0000gn/T/fm-teardown-tests.VLaZgt/fork-allow/stderr
+696: '[' '!' -e /private/var/folders/zk/8g327wwn58x475n0vfwjlkph0000gn/T/fm-teardown-tests.VLaZgt/fork-allow/state/.task-x1.branch-outcome-index ']'
+698: assert_absent /private/var/folders/zk/8g327wwn58x475n0vfwjlkph0000gn/T/fm-teardown-tests.VLaZgt/fork-allow/state/wake-gate/task-x1.look 'fork-allow: teardown left the task'\''s model-look state for a replacement'
+706: '[' '!' -e /private/var/folders/zk/8g327wwn58x475n0vfwjlkph0000gn/T/fm-teardown-tests.VLaZgt/fork-allow/state/wake-gate/task-x1.look ']'
++704: FM_STATE_OVERRIDE=/private/var/folders/zk/8g327wwn58x475n0vfwjlkph0000gn/T/fm-teardown-tests.VLaZgt/fork-allow/state
++704: /Users/bastotecnologia/.no-mistakes/worktrees/5a1fd3284f12/01M34QFFNA8GHX8N66YZVVJXKG/bin/fm-branch-outcome.sh append --task task-x1 --verdict captain --summary 'PR merged and cleaned up'
+704: post_seq=1
+706: '[' 1 = 1 ']'
+707: grep -q '"task":"task-x1"' /private/var/folders/zk/8g327wwn58x475n0vfwjlkph0000gn/T/fm-teardown-tests.VLaZgt/fork-allow/state/branch-outcomes.jsonl
+709: '[' '!' -e /private/var/folders/zk/8g327wwn58x475n0vfwjlkph0000gn/T/fm-teardown-tests.VLaZgt/fork-allow/state/.task-x1.branch-outcome-index ']'
++711: cat /private/var/folders/zk/8g327wwn58x475n0vfwjlkph0000gn/T/fm-teardown-tests.VLaZgt/fork-allow/state/.branch-outcome-index-ready
+711: '[' 1 = 1 ']'
+713: jq -e --arg id task-x1 '
    .schema == "fm-secondmate-home-summary.v1"
    and all(.endpoints[]; .id != $id)
  ' /private/var/folders/zk/8g327wwn58x475n0vfwjlkph0000gn/T/fm-teardown-tests.VLaZgt/fork-allow/state/home-summary.json
+718: pass 'local-only worktree with HEAD on a fork remote is torn down and the home summary is refreshed'
+86: printf 'ok - %s\n' 'local-only worktree with HEAD on a fork remote is torn down and the home summary is refreshed'
ok - local-only worktree with HEAD on a fork remote is torn down and the home summary is refreshed
+3743: test_wake_gate_retirement_refuses_a_symlinked_parent
+722: local case_dir rc
++723: make_case wake-gate-parent-symlink
++80: local name=wake-gate-parent-symlink case_dir fakebin
++81: case_dir=/private/var/folders/zk/8g327wwn58x475n0vfwjlkph0000gn/T/fm-teardown-tests.VLaZgt/wake-gate-parent-symlink
++82: fakebin=/private/var/folders/zk/8g327wwn58x475n0vfwjlkph0000gn/T/fm-teardown-tests.VLaZgt/wake-gate-parent-symlink/fakebin
++83: mkdir -p /private/var/folders/zk/8g327wwn58x475n0vfwjlkph0000gn/T/fm-teardown-tests.VLaZgt/wake-gate-parent-symlink/state /private/var/folders/zk/8g327wwn58x475n0vfwjlkph0000gn/T/fm-teardown-tests.VLaZgt/wake-gate-parent-symlink/config /private/var/folders/zk/8g327wwn58x475n0vfwjlkph0000gn/T/fm-teardown-tests.VLaZgt/wake-gate-parent-symlink/data /private/var/folders/zk/8g327wwn58x475n0vfwjlkph0000gn/T/fm-teardown-tests.VLaZgt/wake-gate-parent-symlink/fakebin
++87: cat
++92: cat
++101: cat
++109: cat
++129: cat
++168: chmod +x /private/var/folders/zk/8g327wwn58x475n0vfwjlkph0000gn/T/fm-teardown-tests.VLaZgt/wake-gate-parent-symlink/fakebin/treehouse /private/var/folders/zk/8g327wwn58x475n0vfwjlkph0000gn/T/fm-teardown-tests.VLaZgt/wake-gate-parent-symlink/fakebin/tmux /private/var/folders/zk/8g327wwn58x475n0vfwjlkph0000gn/T/fm-teardown-tests.VLaZgt/wake-gate-parent-symlink/fakebin/gh-axi /private/var/folders/zk/8g327wwn58x475n0vfwjlkph0000gn/T/fm-teardown-tests.VLaZgt/wake-gate-parent-symlink/fakebin/gh /private/var/folders/zk/8g327wwn58x475n0vfwjlkph0000gn/T/fm-teardown-tests.VLaZgt/wake-gate-parent-symlink/fakebin/no-mistakes
++171: git init -q --bare /private/var/folders/zk/8g327wwn58x475n0vfwjlkph0000gn/T/fm-teardown-tests.VLaZgt/wake-gate-parent-symlink/origin.git
++172: git -C /private/var/folders/zk/8g327wwn58x475n0vfwjlkph0000gn/T/fm-teardown-tests.VLaZgt/wake-gate-parent-symlink/origin.git symbolic-ref HEAD refs/heads/main
++174: git clone -q /private/var/folders/zk/8g327wwn58x475n0vfwjlkph0000gn/T/fm-teardown-tests.VLaZgt/wake-gate-parent-symlink/origin.git /private/var/folders/zk/8g327wwn58x475n0vfwjlkph0000gn/T/fm-teardown-tests.VLaZgt/wake-gate-parent-symlink/_seed
++175: git -C /private/var/folders/zk/8g327wwn58x475n0vfwjlkph0000gn/T/fm-teardown-tests.VLaZgt/wake-gate-parent-symlink/_seed -c user.email=t@t -c user.name=t commit -q --allow-empty -m 'origin baseline'
++177: git -C /private/var/folders/zk/8g327wwn58x475n0vfwjlkph0000gn/T/fm-teardown-tests.VLaZgt/wake-gate-parent-symlink/_seed push -q origin main
++178: rm -rf /private/var/folders/zk/8g327wwn58x475n0vfwjlkph0000gn/T/fm-teardown-tests.VLaZgt/wake-gate-parent-symlink/_seed
++180: git clone -q /private/var/folders/zk/8g327wwn58x475n0vfwjlkph0000gn/T/fm-teardown-tests.VLaZgt/wake-gate-parent-symlink/origin.git /private/var/folders/zk/8g327wwn58x475n0vfwjlkph0000gn/T/fm-teardown-tests.VLaZgt/wake-gate-parent-symlink/project
++181: git -C /private/var/folders/zk/8g327wwn58x475n0vfwjlkph0000gn/T/fm-teardown-tests.VLaZgt/wake-gate-parent-symlink/project remote set-head origin main
++183: git -C /private/var/folders/zk/8g327wwn58x475n0vfwjlkph0000gn/T/fm-teardown-tests.VLaZgt/wake-gate-parent-symlink/project worktree add -q -b fm/task-x1 /private/var/folders/zk/8g327wwn58x475n0vfwjlkph0000gn/T/fm-teardown-tests.VLaZgt/wake-gate-parent-symlink/wt main
++186: touch /private/var/folders/zk/8g327wwn58x475n0vfwjlkph0000gn/T/fm-teardown-tests.VLaZgt/wake-gate-parent-symlink/state/.last-watcher-beat
++188: printf '%s\n' /private/var/folders/zk/8g327wwn58x475n0vfwjlkph0000gn/T/fm-teardown-tests.VLaZgt/wake-gate-parent-symlink
+723: case_dir=/private/var/folders/zk/8g327wwn58x475n0vfwjlkph0000gn/T/fm-teardown-tests.VLaZgt/wake-gate-parent-symlink
+724: write_meta /private/var/folders/zk/8g327wwn58x475n0vfwjlkph0000gn/T/fm-teardown-tests.VLaZgt/wake-gate-parent-symlink local-only ship
+193: local case_dir=/private/var/folders/zk/8g327wwn58x475n0vfwjlkph0000gn/T/fm-teardown-tests.VLaZgt/wake-gate-parent-symlink mode=local-only kind=ship
+194: fm_write_meta /private/var/folders/zk/8g327wwn58x475n0vfwjlkph0000gn/T/fm-teardown-tests.VLaZgt/wake-gate-parent-symlink/state/task-x1.meta window=firstmate:fm-task-x1 endpoint_task_id=task-x1 worktree=/private/var/folders/zk/8g327wwn58x475n0vfwjlkph0000gn/T/fm-teardown-tests.VLaZgt/wake-gate-parent-symlink/wt project=/private/var/folders/zk/8g327wwn58x475n0vfwjlkph0000gn/T/fm-teardown-tests.VLaZgt/wake-gate-parent-symlink/project kind=ship mode=local-only spawn_gen=teardown-test-task-x1
+630: local file=/private/var/folders/zk/8g327wwn58x475n0vfwjlkph0000gn/T/fm-teardown-tests.VLaZgt/wake-gate-parent-symlink/state/task-x1.meta kv
+631: shift
+632: :
+633: for kv in '"$@"'
+634: printf '%s\n' window=firstmate:fm-task-x1
+633: for kv in '"$@"'
+634: printf '%s\n' endpoint_task_id=task-x1
+633: for kv in '"$@"'
+634: printf '%s\n' worktree=/private/var/folders/zk/8g327wwn58x475n0vfwjlkph0000gn/T/fm-teardown-tests.VLaZgt/wake-gate-parent-symlink/wt
+633: for kv in '"$@"'
+634: printf '%s\n' project=/private/var/folders/zk/8g327wwn58x475n0vfwjlkph0000gn/T/fm-teardown-tests.VLaZgt/wake-gate-parent-symlink/project
+633: for kv in '"$@"'
+634: printf '%s\n' kind=ship
+633: for kv in '"$@"'
+634: printf '%s\n' mode=local-only
+633: for kv in '"$@"'
+634: printf '%s\n' spawn_gen=teardown-test-task-x1
+725: wt_commit /private/var/folders/zk/8g327wwn58x475n0vfwjlkph0000gn/T/fm-teardown-tests.VLaZgt/wake-gate-parent-symlink 'fix the thing'
+206: local case_dir=/private/var/folders/zk/8g327wwn58x475n0vfwjlkph0000gn/T/fm-teardown-tests.VLaZgt/wake-gate-parent-symlink 'msg=fix the thing'
+207: git -C /private/var/folders/zk/8g327wwn58x475n0vfwjlkph0000gn/T/fm-teardown-tests.VLaZgt/wake-gate-parent-symlink/wt -c user.email=t@t -c user.name=t commit -q --allow-empty -m 'fix the thing'
+726: add_fork_with_pushed_branch /private/var/folders/zk/8g327wwn58x475n0vfwjlkph0000gn/T/fm-teardown-tests.VLaZgt/wake-gate-parent-symlink
+215: local case_dir=/private/var/folders/zk/8g327wwn58x475n0vfwjlkph0000gn/T/fm-teardown-tests.VLaZgt/wake-gate-parent-symlink
+216: git init -q --bare /private/var/folders/zk/8g327wwn58x475n0vfwjlkph0000gn/T/fm-teardown-tests.VLaZgt/wake-gate-parent-symlink/fork.git
+217: git -C /private/var/folders/zk/8g327wwn58x475n0vfwjlkph0000gn/T/fm-teardown-tests.VLaZgt/wake-gate-parent-symlink/project remote add fork /private/var/folders/zk/8g327wwn58x475n0vfwjlkph0000gn/T/fm-teardown-tests.VLaZgt/wake-gate-parent-symlink/fork.git
+220: git -C /private/var/folders/zk/8g327wwn58x475n0vfwjlkph0000gn/T/fm-teardown-tests.VLaZgt/wake-gate-parent-symlink/wt push -q fork fm/task-x1
+221: git -C /private/var/folders/zk/8g327wwn58x475n0vfwjlkph0000gn/T/fm-teardown-tests.VLaZgt/wake-gate-parent-symlink/project fetch -q fork
+727: add_logging_treehouse /private/var/folders/zk/8g327wwn58x475n0vfwjlkph0000gn/T/fm-teardown-tests.VLaZgt/wake-gate-parent-symlink
+668: local case_dir=/private/var/folders/zk/8g327wwn58x475n0vfwjlkph0000gn/T/fm-teardown-tests.VLaZgt/wake-gate-parent-symlink
+669: cat
+674: chmod +x /private/var/folders/zk/8g327wwn58x475n0vfwjlkph0000gn/T/fm-teardown-tests.VLaZgt/wake-gate-parent-symlink/fakebin/treehouse
+728: mkdir -p /private/var/folders/zk/8g327wwn58x475n0vfwjlkph0000gn/T/fm-teardown-tests.VLaZgt/wake-gate-parent-symlink/redirected-wake-gate
+729: printf 'protected\n'
+730: ln -s /private/var/folders/zk/8g327wwn58x475n0vfwjlkph0000gn/T/fm-teardown-tests.VLaZgt/wake-gate-parent-symlink/redirected-wake-gate /private/var/folders/zk/8g327wwn58x475n0vfwjlkph0000gn/T/fm-teardown-tests.VLaZgt/wake-gate-parent-symlink/state/wake-gate
+732: rc=0
+733: run_teardown /private/var/folders/zk/8g327wwn58x475n0vfwjlkph0000gn/T/fm-teardown-tests.VLaZgt/wake-gate-parent-symlink
+733: rc=1
+735: expect_code 1 1 'wake-gate-parent-symlink: teardown must refuse unsafe retirement'
+689: local expected=1 actual=1 'label=wake-gate-parent-symlink: teardown must refuse unsafe retirement'
+690: '[' 1 = 1 ']'
++736: cat /private/var/folders/zk/8g327wwn58x475n0vfwjlkph0000gn/T/fm-teardown-tests.VLaZgt/wake-gate-parent-symlink/redirected-wake-gate/task-x1.look
+736: '[' protected = protected ']'
+738: assert_grep 'fm-state-io refused' /private/var/folders/zk/8g327wwn58x475n0vfwjlkph0000gn/T/fm-teardown-tests.VLaZgt/wake-gate-parent-symlink/stderr 'wake-gate-parent-symlink: teardown did not report the no-follow refusal'
+696: grep -F -- 'fm-state-io refused' /private/var/folders/zk/8g327wwn58x475n0vfwjlkph0000gn/T/fm-teardown-tests.VLaZgt/wake-gate-parent-symlink/stderr
+740: assert_absent /private/var/folders/zk/8g327wwn58x475n0vfwjlkph0000gn/T/fm-teardown-tests.VLaZgt/wake-gate-parent-symlink/treehouse.log 'wake-gate-parent-symlink: teardown returned the worktree before refusing unsafe state'
+706: '[' '!' -e /private/var/folders/zk/8g327wwn58x475n0vfwjlkph0000gn/T/fm-teardown-tests.VLaZgt/wake-gate-parent-symlink/treehouse.log ']'
+742: assert_present /private/var/folders/zk/8g327wwn58x475n0vfwjlkph0000gn/T/fm-teardown-tests.VLaZgt/wake-gate-parent-symlink/state/task-x1.meta 'wake-gate-parent-symlink: teardown removed task identity after refusing unsafe state'
+711: '[' -e /private/var/folders/zk/8g327wwn58x475n0vfwjlkph0000gn/T/fm-teardown-tests.VLaZgt/wake-gate-parent-symlink/state/task-x1.meta ']'
+744: pass 'teardown refuses unsafe wake-gate state before destructive cleanup'
+86: printf 'ok - %s\n' 'teardown refuses unsafe wake-gate state before destructive cleanup'
ok - teardown refuses unsafe wake-gate state before destructive cleanup
+3744: test_wake_gate_retirement_requires_python_only_for_existing_state
+748: local absent present path rc
++749: make_case wake-gate-no-python-absent
++80: local name=wake-gate-no-python-absent case_dir fakebin
++81: case_dir=/private/var/folders/zk/8g327wwn58x475n0vfwjlkph0000gn/T/fm-teardown-tests.VLaZgt/wake-gate-no-python-absent
++82: fakebin=/private/var/folders/zk/8g327wwn58x475n0vfwjlkph0000gn/T/fm-teardown-tests.VLaZgt/wake-gate-no-python-absent/fakebin
++83: mkdir -p /private/var/folders/zk/8g327wwn58x475n0vfwjlkph0000gn/T/fm-teardown-tests.VLaZgt/wake-gate-no-python-absent/state /private/var/folders/zk/8g327wwn58x475n0vfwjlkph0000gn/T/fm-teardown-tests.VLaZgt/wake-gate-no-python-absent/config /private/var/folders/zk/8g327wwn58x475n0vfwjlkph0000gn/T/fm-teardown-tests.VLaZgt/wake-gate-no-python-absent/data /private/var/folders/zk/8g327wwn58x475n0vfwjlkph0000gn/T/fm-teardown-tests.VLaZgt/wake-gate-no-python-absent/fakebin
++87: cat
++92: cat
++101: cat
++109: cat
++129: cat
++168: chmod +x /private/var/folders/zk/8g327wwn58x475n0vfwjlkph0000gn/T/fm-teardown-tests.VLaZgt/wake-gate-no-python-absent/fakebin/treehouse /private/var/folders/zk/8g327wwn58x475n0vfwjlkph0000gn/T/fm-teardown-tests.VLaZgt/wake-gate-no-python-absent/fakebin/tmux /private/var/folders/zk/8g327wwn58x475n0vfwjlkph0000gn/T/fm-teardown-tests.VLaZgt/wake-gate-no-python-absent/fakebin/gh-axi /private/var/folders/zk/8g327wwn58x475n0vfwjlkph0000gn/T/fm-teardown-tests.VLaZgt/wake-gate-no-python-absent/fakebin/gh /private/var/folders/zk/8g327wwn58x475n0vfwjlkph0000gn/T/fm-teardown-tests.VLaZgt/wake-gate-no-python-absent/fakebin/no-mistakes
++171: git init -q --bare /private/var/folders/zk/8g327wwn58x475n0vfwjlkph0000gn/T/fm-teardown-tests.VLaZgt/wake-gate-no-python-absent/origin.git
++172: git -C /private/var/folders/zk/8g327wwn58x475n0vfwjlkph0000gn/T/fm-teardown-tests.VLaZgt/wake-gate-no-python-absent/origin.git symbolic-ref HEAD refs/heads/main
++174: git clone -q /private/var/folders/zk/8g327wwn58x475n0vfwjlkph0000gn/T/fm-teardown-tests.VLaZgt/wake-gate-no-python-absent/origin.git /private/var/folders/zk/8g327wwn58x475n0vfwjlkph0000gn/T/fm-teardown-tests.VLaZgt/wake-gate-no-python-absent/_seed
++175: git -C /private/var/folders/zk/8g327wwn58x475n0vfwjlkph0000gn/T/fm-teardown-tests.VLaZgt/wake-gate-no-python-absent/_seed -c user.email=t@t -c user.name=t commit -q --allow-empty -m 'origin baseline'
++177: git -C /private/var/folders/zk/8g327wwn58x475n0vfwjlkph0000gn/T/fm-teardown-tests.VLaZgt/wake-gate-no-python-absent/_seed push -q origin main
++178: rm -rf /private/var/folders/zk/8g327wwn58x475n0vfwjlkph0000gn/T/fm-teardown-tests.VLaZgt/wake-gate-no-python-absent/_seed
++180: git clone -q /private/var/folders/zk/8g327wwn58x475n0vfwjlkph0000gn/T/fm-teardown-tests.VLaZgt/wake-gate-no-python-absent/origin.git /private/var/folders/zk/8g327wwn58x475n0vfwjlkph0000gn/T/fm-teardown-tests.VLaZgt/wake-gate-no-python-absent/project
++181: git -C /private/var/folders/zk/8g327wwn58x475n0vfwjlkph0000gn/T/fm-teardown-tests.VLaZgt/wake-gate-no-python-absent/project remote set-head origin main
++183: git -C /private/var/folders/zk/8g327wwn58x475n0vfwjlkph0000gn/T/fm-teardown-tests.VLaZgt/wake-gate-no-python-absent/project worktree add -q -b fm/task-x1 /private/var/folders/zk/8g327wwn58x475n0vfwjlkph0000gn/T/fm-teardown-tests.VLaZgt/wake-gate-no-python-absent/wt main
++186: touch /private/var/folders/zk/8g327wwn58x475n0vfwjlkph0000gn/T/fm-teardown-tests.VLaZgt/wake-gate-no-python-absent/state/.last-watcher-beat
++188: printf '%s\n' /private/var/folders/zk/8g327wwn58x475n0vfwjlkph0000gn/T/fm-teardown-tests.VLaZgt/wake-gate-no-python-absent
+749: absent=/private/var/folders/zk/8g327wwn58x475n0vfwjlkph0000gn/T/fm-teardown-tests.VLaZgt/wake-gate-no-python-absent
+750: write_meta /private/var/folders/zk/8g327wwn58x475n0vfwjlkph0000gn/T/fm-teardown-tests.VLaZgt/wake-gate-no-python-absent local-only ship
+193: local case_dir=/private/var/folders/zk/8g327wwn58x475n0vfwjlkph0000gn/T/fm-teardown-tests.VLaZgt/wake-gate-no-python-absent mode=local-only kind=ship
+194: fm_write_meta /private/var/folders/zk/8g327wwn58x475n0vfwjlkph0000gn/T/fm-teardown-tests.VLaZgt/wake-gate-no-python-absent/state/task-x1.meta window=firstmate:fm-task-x1 endpoint_task_id=task-x1 worktree=/private/var/folders/zk/8g327wwn58x475n0vfwjlkph0000gn/T/fm-teardown-tests.VLaZgt/wake-gate-no-python-absent/wt project=/private/var/folders/zk/8g327wwn58x475n0vfwjlkph0000gn/T/fm-teardown-tests.VLaZgt/wake-gate-no-python-absent/project kind=ship mode=local-only spawn_gen=teardown-test-task-x1
+630: local file=/private/var/folders/zk/8g327wwn58x475n0vfwjlkph0000gn/T/fm-teardown-tests.VLaZgt/wake-gate-no-python-absent/state/task-x1.meta kv
+631: shift
+632: :
+633: for kv in '"$@"'
+634: printf '%s\n' window=firstmate:fm-task-x1
+633: for kv in '"$@"'
+634: printf '%s\n' endpoint_task_id=task-x1
+633: for kv in '"$@"'
+634: printf '%s\n' worktree=/private/var/folders/zk/8g327wwn58x475n0vfwjlkph0000gn/T/fm-teardown-tests.VLaZgt/wake-gate-no-python-absent/wt
+633: for kv in '"$@"'
+634: printf '%s\n' project=/private/var/folders/zk/8g327wwn58x475n0vfwjlkph0000gn/T/fm-teardown-tests.VLaZgt/wake-gate-no-python-absent/project
+633: for kv in '"$@"'
+634: printf '%s\n' kind=ship
+633: for kv in '"$@"'
+634: printf '%s\n' mode=local-only
+633: for kv in '"$@"'
+634: printf '%s\n' spawn_gen=teardown-test-task-x1
+751: wt_commit /private/var/folders/zk/8g327wwn58x475n0vfwjlkph0000gn/T/fm-teardown-tests.VLaZgt/wake-gate-no-python-absent 'fix the thing'
+206: local case_dir=/private/var/folders/zk/8g327wwn58x475n0vfwjlkph0000gn/T/fm-teardown-tests.VLaZgt/wake-gate-no-python-absent 'msg=fix the thing'
+207: git -C /private/var/folders/zk/8g327wwn58x475n0vfwjlkph0000gn/T/fm-teardown-tests.VLaZgt/wake-gate-no-python-absent/wt -c user.email=t@t -c user.name=t commit -q --allow-empty -m 'fix the thing'
+752: add_fork_with_pushed_branch /private/var/folders/zk/8g327wwn58x475n0vfwjlkph0000gn/T/fm-teardown-tests.VLaZgt/wake-gate-no-python-absent
+215: local case_dir=/private/var/folders/zk/8g327wwn58x475n0vfwjlkph0000gn/T/fm-teardown-tests.VLaZgt/wake-gate-no-python-absent
+216: git init -q --bare /private/var/folders/zk/8g327wwn58x475n0vfwjlkph0000gn/T/fm-teardown-tests.VLaZgt/wake-gate-no-python-absent/fork.git
+217: git -C /private/var/folders/zk/8g327wwn58x475n0vfwjlkph0000gn/T/fm-teardown-tests.VLaZgt/wake-gate-no-python-absent/project remote add fork /private/var/folders/zk/8g327wwn58x475n0vfwjlkph0000gn/T/fm-teardown-tests.VLaZgt/wake-gate-no-python-absent/fork.git
+220: git -C /private/var/folders/zk/8g327wwn58x475n0vfwjlkph0000gn/T/fm-teardown-tests.VLaZgt/wake-gate-no-python-absent/wt push -q fork fm/task-x1
+221: git -C /private/var/folders/zk/8g327wwn58x475n0vfwjlkph0000gn/T/fm-teardown-tests.VLaZgt/wake-gate-no-python-absent/project fetch -q fork
++753: make_path_without_lsof /private/var/folders/zk/8g327wwn58x475n0vfwjlkph0000gn/T/fm-teardown-tests.VLaZgt/wake-gate-no-python-absent
++657: local case_dir=/private/var/folders/zk/8g327wwn58x475n0vfwjlkph0000gn/T/fm-teardown-tests.VLaZgt/wake-gate-no-python-absent path_dir=/private/var/folders/zk/8g327wwn58x475n0vfwjlkph0000gn/T/fm-teardown-tests.VLaZgt/wake-gate-no-python-absent/path-without-lsof cmd resolved
++658: mkdir -p /private/var/folders/zk/8g327wwn58x475n0vfwjlkph0000gn/T/fm-teardown-tests.VLaZgt/wake-gate-no-python-absent/path-without-lsof
++659: for cmd in awk bash basename cat chmod cp cut date dirname env find git grep head hostname id ln mkdir mktemp mv perl ps readlink realpath rm sed sh sleep sort stat tail timeout tr uname wc xargs
+++661: command -v awk
++661: resolved=/usr/bin/awk
++662: case "$resolved" in
++662: ln -sf /usr/bin/awk /private/var/folders/zk/8g327wwn58x475n0vfwjlkph0000gn/T/fm-teardown-tests.VLaZgt/wake-gate-no-python-absent/path-without-lsof/awk
++659: for cmd in awk bash basename cat chmod cp cut date dirname env find git grep head hostname id ln mkdir mktemp mv perl ps readlink realpath rm sed sh sleep sort stat tail timeout tr uname wc xargs
+++661: command -v bash
++661: resolved=/bin/bash
++662: case "$resolved" in
++662: ln -sf /bin/bash /private/var/folders/zk/8g327wwn58x475n0vfwjlkph0000gn/T/fm-teardown-tests.VLaZgt/wake-gate-no-python-absent/path-without-lsof/bash
++659: for cmd in awk bash basename cat chmod cp cut date dirname env find git grep head hostname id ln mkdir mktemp mv perl ps readlink realpath rm sed sh sleep sort stat tail timeout tr uname wc xargs
+++661: command -v basename
++661: resolved=/usr/bin/basename
++662: case "$resolved" in
++662: ln -sf /usr/bin/basename /private/var/folders/zk/8g327wwn58x475n0vfwjlkph0000gn/T/fm-teardown-tests.VLaZgt/wake-gate-no-python-absent/path-without-lsof/basename
++659: for cmd in awk bash basename cat chmod cp cut date dirname env find git grep head hostname id ln mkdir mktemp mv perl ps readlink realpath rm sed sh sleep sort stat tail timeout tr uname wc xargs
+++661: command -v cat
++661: resolved=/bin/cat
++662: case "$resolved" in
++662: ln -sf /bin/cat /private/var/folders/zk/8g327wwn58x475n0vfwjlkph0000gn/T/fm-teardown-tests.VLaZgt/wake-gate-no-python-absent/path-without-lsof/cat
++659: for cmd in awk bash basename cat chmod cp cut date dirname env find git grep head hostname id ln mkdir mktemp mv perl ps readlink realpath rm sed sh sleep sort stat tail timeout tr uname wc xargs
+++661: command -v chmod
++661: resolved=/bin/chmod
++662: case "$resolved" in
++662: ln -sf /bin/chmod /private/var/folders/zk/8g327wwn58x475n0vfwjlkph0000gn/T/fm-teardown-tests.VLaZgt/wake-gate-no-python-absent/path-without-lsof/chmod
++659: for cmd in awk bash basename cat chmod cp cut date dirname env find git grep head hostname id ln mkdir mktemp mv perl ps readlink realpath rm sed sh sleep sort stat tail timeout tr uname wc xargs
+++661: command -v cp
++661: resolved=/bin/cp
++662: case "$resolved" in
++662: ln -sf /bin/cp /private/var/folders/zk/8g327wwn58x475n0vfwjlkph0000gn/T/fm-teardown-tests.VLaZgt/wake-gate-no-python-absent/path-without-lsof/cp
++659: for cmd in awk bash basename cat chmod cp cut date dirname env find git grep head hostname id ln mkdir mktemp mv perl ps readlink realpath rm sed sh sleep sort stat tail timeout tr uname wc xargs
+++661: command -v cut
++661: resolved=/usr/bin/cut
++662: case "$resolved" in
++662: ln -sf /usr/bin/cut /private/var/folders/zk/8g327wwn58x475n0vfwjlkph0000gn/T/fm-teardown-tests.VLaZgt/wake-gate-no-python-absent/path-without-lsof/cut
++659: for cmd in awk bash basename cat chmod cp cut date dirname env find git grep head hostname id ln mkdir mktemp mv perl ps readlink realpath rm sed sh sleep sort stat tail timeout tr uname wc xargs
+++661: command -v date
++661: resolved=/bin/date
++662: case "$resolved" in
++662: ln -sf /bin/date /private/var/folders/zk/8g327wwn58x475n0vfwjlkph0000gn/T/fm-teardown-tests.VLaZgt/wake-gate-no-python-absent/path-without-lsof/date
++659: for cmd in awk bash basename cat chmod cp cut date dirname env find git grep head hostname id ln mkdir mktemp mv perl ps readlink realpath rm sed sh sleep sort stat tail timeout tr uname wc xargs
+++661: command -v dirname
++661: resolved=/usr/bin/dirname
++662: case "$resolved" in
++662: ln -sf /usr/bin/dirname /private/var/folders/zk/8g327wwn58x475n0vfwjlkph0000gn/T/fm-teardown-tests.VLaZgt/wake-gate-no-python-absent/path-without-lsof/dirname
++659: for cmd in awk bash basename cat chmod cp cut date dirname env find git grep head hostname id ln mkdir mktemp mv perl ps readlink realpath rm sed sh sleep sort stat tail timeout tr uname wc xargs
+++661: command -v env
++661: resolved=/usr/bin/env
++662: case "$resolved" in
++662: ln -sf /usr/bin/env /private/var/folders/zk/8g327wwn58x475n0vfwjlkph0000gn/T/fm-teardown-tests.VLaZgt/wake-gate-no-python-absent/path-without-lsof/env
++659: for cmd in awk bash basename cat chmod cp cut date dirname env find git grep head hostname id ln mkdir mktemp mv perl ps readlink realpath rm sed sh sleep sort stat tail timeout tr uname wc xargs
+++661: command -v find
++661: resolved=/usr/bin/find
++662: case "$resolved" in
++662: ln -sf /usr/bin/find /private/var/folders/zk/8g327wwn58x475n0vfwjlkph0000gn/T/fm-teardown-tests.VLaZgt/wake-gate-no-python-absent/path-without-lsof/find
++659: for cmd in awk bash basename cat chmod cp cut date dirname env find git grep head hostname id ln mkdir mktemp mv perl ps readlink realpath rm sed sh sleep sort stat tail timeout tr uname wc xargs
+++661: command -v git
++661: resolved=/usr/bin/git
++662: case "$resolved" in
++662: ln -sf /usr/bin/git /private/var/folders/zk/8g327wwn58x475n0vfwjlkph0000gn/T/fm-teardown-tests.VLaZgt/wake-gate-no-python-absent/path-without-lsof/git
++659: for cmd in awk bash basename cat chmod cp cut date dirname env find git grep head hostname id ln mkdir mktemp mv perl ps readlink realpath rm sed sh sleep sort stat tail timeout tr uname wc xargs
+++661: command -v grep
++661: resolved=/usr/bin/grep
++662: case "$resolved" in
++662: ln -sf /usr/bin/grep /private/var/folders/zk/8g327wwn58x475n0vfwjlkph0000gn/T/fm-teardown-tests.VLaZgt/wake-gate-no-python-absent/path-without-lsof/grep
++659: for cmd in awk bash basename cat chmod cp cut date dirname env find git grep head hostname id ln mkdir mktemp mv perl ps readlink realpath rm sed sh sleep sort stat tail timeout tr uname wc xargs
+++661: command -v head
++661: resolved=/usr/bin/head
++662: case "$resolved" in
++662: ln -sf /usr/bin/head /private/var/folders/zk/8g327wwn58x475n0vfwjlkph0000gn/T/fm-teardown-tests.VLaZgt/wake-gate-no-python-absent/path-without-lsof/head
++659: for cmd in awk bash basename cat chmod cp cut date dirname env find git grep head hostname id ln mkdir mktemp mv perl ps readlink realpath rm sed sh sleep sort stat tail timeout tr uname wc xargs
+++661: command -v hostname
++661: resolved=/bin/hostname
++662: case "$resolved" in
++662: ln -sf /bin/hostname /private/var/folders/zk/8g327wwn58x475n0vfwjlkph0000gn/T/fm-teardown-tests.VLaZgt/wake-gate-no-python-absent/path-without-lsof/hostname
++659: for cmd in awk bash basename cat chmod cp cut date dirname env find git grep head hostname id ln mkdir mktemp mv perl ps readlink realpath rm sed sh sleep sort stat tail timeout tr uname wc xargs
+++661: command -v id
++661: resolved=/usr/bin/id
++662: case "$resolved" in
++662: ln -sf /usr/bin/id /private/var/folders/zk/8g327wwn58x475n0vfwjlkph0000gn/T/fm-teardown-tests.VLaZgt/wake-gate-no-python-absent/path-without-lsof/id
++659: for cmd in awk bash basename cat chmod cp cut date dirname env find git grep head hostname id ln mkdir mktemp mv perl ps readlink realpath rm sed sh sleep sort stat tail timeout tr uname wc xargs
+++661: command -v ln
++661: resolved=/bin/ln
++662: case "$resolved" in
++662: ln -sf /bin/ln /private/var/folders/zk/8g327wwn58x475n0vfwjlkph0000gn/T/fm-teardown-tests.VLaZgt/wake-gate-no-python-absent/path-without-lsof/ln
++659: for cmd in awk bash basename cat chmod cp cut date dirname env find git grep head hostname id ln mkdir mktemp mv perl ps readlink realpath rm sed sh sleep sort stat tail timeout tr uname wc xargs
+++661: command -v mkdir
++661: resolved=/bin/mkdir
++662: case "$resolved" in
++662: ln -sf /bin/mkdir /private/var/folders/zk/8g327wwn58x475n0vfwjlkph0000gn/T/fm-teardown-tests.VLaZgt/wake-gate-no-python-absent/path-without-lsof/mkdir
++659: for cmd in awk bash basename cat chmod cp cut date dirname env find git grep head hostname id ln mkdir mktemp mv perl ps readlink realpath rm sed sh sleep sort stat tail timeout tr uname wc xargs
+++661: command -v mktemp
++661: resolved=/usr/bin/mktemp
++662: case "$resolved" in
++662: ln -sf /usr/bin/mktemp /private/var/folders/zk/8g327wwn58x475n0vfwjlkph0000gn/T/fm-teardown-tests.VLaZgt/wake-gate-no-python-absent/path-without-lsof/mktemp
++659: for cmd in awk bash basename cat chmod cp cut date dirname env find git grep head hostname id ln mkdir mktemp mv perl ps readlink realpath rm sed sh sleep sort stat tail timeout tr uname wc xargs
+++661: command -v mv
++661: resolved=/bin/mv
++662: case "$resolved" in
++662: ln -sf /bin/mv /private/var/folders/zk/8g327wwn58x475n0vfwjlkph0000gn/T/fm-teardown-tests.VLaZgt/wake-gate-no-python-absent/path-without-lsof/mv
++659: for cmd in awk bash basename cat chmod cp cut date dirname env find git grep head hostname id ln mkdir mktemp mv perl ps readlink realpath rm sed sh sleep sort stat tail timeout tr uname wc xargs
+++661: command -v perl
++661: resolved=/usr/bin/perl
++662: case "$resolved" in
++662: ln -sf /usr/bin/perl /private/var/folders/zk/8g327wwn58x475n0vfwjlkph0000gn/T/fm-teardown-tests.VLaZgt/wake-gate-no-python-absent/path-without-lsof/perl
++659: for cmd in awk bash basename cat chmod cp cut date dirname env find git grep head hostname id ln mkdir mktemp mv perl ps readlink realpath rm sed sh sleep sort stat tail timeout tr uname wc xargs
+++661: command -v ps
++661: resolved=/bin/ps
++662: case "$resolved" in
++662: ln -sf /bin/ps /private/var/folders/zk/8g327wwn58x475n0vfwjlkph0000gn/T/fm-teardown-tests.VLaZgt/wake-gate-no-python-absent/path-without-lsof/ps
++659: for cmd in awk bash basename cat chmod cp cut date dirname env find git grep head hostname id ln mkdir mktemp mv perl ps readlink realpath rm sed sh sleep sort stat tail timeout tr uname wc xargs
+++661: command -v readlink
++661: resolved=/usr/bin/readlink
++662: case "$resolved" in
++662: ln -sf /usr/bin/readlink /private/var/folders/zk/8g327wwn58x475n0vfwjlkph0000gn/T/fm-teardown-tests.VLaZgt/wake-gate-no-python-absent/path-without-lsof/readlink
++659: for cmd in awk bash basename cat chmod cp cut date dirname env find git grep head hostname id ln mkdir mktemp mv perl ps readlink realpath rm sed sh sleep sort stat tail timeout tr uname wc xargs
+++661: command -v realpath
++661: resolved=/bin/realpath
++662: case "$resolved" in
++662: ln -sf /bin/realpath /private/var/folders/zk/8g327wwn58x475n0vfwjlkph0000gn/T/fm-teardown-tests.VLaZgt/wake-gate-no-python-absent/path-without-lsof/realpath
++659: for cmd in awk bash basename cat chmod cp cut date dirname env find git grep head hostname id ln mkdir mktemp mv perl ps readlink realpath rm sed sh sleep sort stat tail timeout tr uname wc xargs
+++661: command -v rm
++661: resolved=/bin/rm
++662: case "$resolved" in
++662: ln -sf /bin/rm /private/var/folders/zk/8g327wwn58x475n0vfwjlkph0000gn/T/fm-teardown-tests.VLaZgt/wake-gate-no-python-absent/path-without-lsof/rm
++659: for cmd in awk bash basename cat chmod cp cut date dirname env find git grep head hostname id ln mkdir mktemp mv perl ps readlink realpath rm sed sh sleep sort stat tail timeout tr uname wc xargs
+++661: command -v sed
++661: resolved=/usr/bin/sed
++662: case "$resolved" in
++662: ln -sf /usr/bin/sed /private/var/folders/zk/8g327wwn58x475n0vfwjlkph0000gn/T/fm-teardown-tests.VLaZgt/wake-gate-no-python-absent/path-without-lsof/sed
++659: for cmd in awk bash basename cat chmod cp cut date dirname env find git grep head hostname id ln mkdir mktemp mv perl ps readlink realpath rm sed sh sleep sort stat tail timeout tr uname wc xargs
+++661: command -v sh
++661: resolved=/bin/sh
++662: case "$resolved" in
++662: ln -sf /bin/sh /private/var/folders/zk/8g327wwn58x475n0vfwjlkph0000gn/T/fm-teardown-tests.VLaZgt/wake-gate-no-python-absent/path-without-lsof/sh
++659: for cmd in awk bash basename cat chmod cp cut date dirname env find git grep head hostname id ln mkdir mktemp mv perl ps readlink realpath rm sed sh sleep sort stat tail timeout tr uname wc xargs
+++661: command -v sleep
++661: resolved=/bin/sleep
++662: case "$resolved" in
++662: ln -sf /bin/sleep /private/var/folders/zk/8g327wwn58x475n0vfwjlkph0000gn/T/fm-teardown-tests.VLaZgt/wake-gate-no-python-absent/path-without-lsof/sleep
++659: for cmd in awk bash basename cat chmod cp cut date dirname env find git grep head hostname id ln mkdir mktemp mv perl ps readlink realpath rm sed sh sleep sort stat tail timeout tr uname wc xargs
+++661: command -v sort
++661: resolved=/usr/bin/sort
++662: case "$resolved" in
++662: ln -sf /usr/bin/sort /private/var/folders/zk/8g327wwn58x475n0vfwjlkph0000gn/T/fm-teardown-tests.VLaZgt/wake-gate-no-python-absent/path-without-lsof/sort
++659: for cmd in awk bash basename cat chmod cp cut date dirname env find git grep head hostname id ln mkdir mktemp mv perl ps readlink realpath rm sed sh sleep sort stat tail timeout tr uname wc xargs
+++661: command -v stat
++661: resolved=/usr/bin/stat
++662: case "$resolved" in
++662: ln -sf /usr/bin/stat /private/var/folders/zk/8g327wwn58x475n0vfwjlkph0000gn/T/fm-teardown-tests.VLaZgt/wake-gate-no-python-absent/path-without-lsof/stat
++659: for cmd in awk bash basename cat chmod cp cut date dirname env find git grep head hostname id ln mkdir mktemp mv perl ps readlink realpath rm sed sh sleep sort stat tail timeout tr uname wc xargs
+++661: command -v tail
++661: resolved=/usr/bin/tail
++662: case "$resolved" in
++662: ln -sf /usr/bin/tail /private/var/folders/zk/8g327wwn58x475n0vfwjlkph0000gn/T/fm-teardown-tests.VLaZgt/wake-gate-no-python-absent/path-without-lsof/tail
++659: for cmd in awk bash basename cat chmod cp cut date dirname env find git grep head hostname id ln mkdir mktemp mv perl ps readlink realpath rm sed sh sleep sort stat tail timeout tr uname wc xargs
+++661: command -v timeout
++661: resolved=/opt/homebrew/bin/timeout
++662: case "$resolved" in
++662: ln -sf /opt/homebrew/bin/timeout /private/var/folders/zk/8g327wwn58x475n0vfwjlkph0000gn/T/fm-teardown-tests.VLaZgt/wake-gate-no-python-absent/path-without-lsof/timeout
++659: for cmd in awk bash basename cat chmod cp cut date dirname env find git grep head hostname id ln mkdir mktemp mv perl ps readlink realpath rm sed sh sleep sort stat tail timeout tr uname wc xargs
+++661: command -v tr
++661: resolved=/usr/bin/tr
++662: case "$resolved" in
++662: ln -sf /usr/bin/tr /private/var/folders/zk/8g327wwn58x475n0vfwjlkph0000gn/T/fm-teardown-tests.VLaZgt/wake-gate-no-python-absent/path-without-lsof/tr
++659: for cmd in awk bash basename cat chmod cp cut date dirname env find git grep head hostname id ln mkdir mktemp mv perl ps readlink realpath rm sed sh sleep sort stat tail timeout tr uname wc xargs
+++661: command -v uname
++661: resolved=/usr/bin/uname
++662: case "$resolved" in
++662: ln -sf /usr/bin/uname /private/var/folders/zk/8g327wwn58x475n0vfwjlkph0000gn/T/fm-teardown-tests.VLaZgt/wake-gate-no-python-absent/path-without-lsof/uname
++659: for cmd in awk bash basename cat chmod cp cut date dirname env find git grep head hostname id ln mkdir mktemp mv perl ps readlink realpath rm sed sh sleep sort stat tail timeout tr uname wc xargs
+++661: command -v wc
++661: resolved=/usr/bin/wc
++662: case "$resolved" in
++662: ln -sf /usr/bin/wc /private/var/folders/zk/8g327wwn58x475n0vfwjlkph0000gn/T/fm-teardown-tests.VLaZgt/wake-gate-no-python-absent/path-without-lsof/wc
++659: for cmd in awk bash basename cat chmod cp cut date dirname env find git grep head hostname id ln mkdir mktemp mv perl ps readlink realpath rm sed sh sleep sort stat tail timeout tr uname wc xargs
+++661: command -v xargs
++661: resolved=/usr/bin/xargs
++662: case "$resolved" in
++662: ln -sf /usr/bin/xargs /private/var/folders/zk/8g327wwn58x475n0vfwjlkph0000gn/T/fm-teardown-tests.VLaZgt/wake-gate-no-python-absent/path-without-lsof/xargs
++664: printf '%s\n' /private/var/folders/zk/8g327wwn58x475n0vfwjlkph0000gn/T/fm-teardown-tests.VLaZgt/wake-gate-no-python-absent/path-without-lsof
+753: path=/private/var/folders/zk/8g327wwn58x475n0vfwjlkph0000gn/T/fm-teardown-tests.VLaZgt/wake-gate-no-python-absent/path-without-lsof
+754: rc=0
+755: FM_TEARDOWN_TEST_PATH=/private/var/folders/zk/8g327wwn58x475n0vfwjlkph0000gn/T/fm-teardown-tests.VLaZgt/wake-gate-no-python-absent/path-without-lsof
+755: run_teardown /private/var/folders/zk/8g327wwn58x475n0vfwjlkph0000gn/T/fm-teardown-tests.VLaZgt/wake-gate-no-python-absent
+756: expect_code 0 0 'wake-gate-no-python-absent: teardown should not require an optional runtime'
+689: local expected=0 actual=0 'label=wake-gate-no-python-absent: teardown should not require an optional runtime'
+690: '[' 0 = 0 ']'
++758: make_case wake-gate-no-python-present
++80: local name=wake-gate-no-python-present case_dir fakebin
++81: case_dir=/private/var/folders/zk/8g327wwn58x475n0vfwjlkph0000gn/T/fm-teardown-tests.VLaZgt/wake-gate-no-python-present
++82: fakebin=/private/var/folders/zk/8g327wwn58x475n0vfwjlkph0000gn/T/fm-teardown-tests.VLaZgt/wake-gate-no-python-present/fakebin
++83: mkdir -p /private/var/folders/zk/8g327wwn58x475n0vfwjlkph0000gn/T/fm-teardown-tests.VLaZgt/wake-gate-no-python-present/state /private/var/folders/zk/8g327wwn58x475n0vfwjlkph0000gn/T/fm-teardown-tests.VLaZgt/wake-gate-no-python-present/config /private/var/folders/zk/8g327wwn58x475n0vfwjlkph0000gn/T/fm-teardown-tests.VLaZgt/wake-gate-no-python-present/data /private/var/folders/zk/8g327wwn58x475n0vfwjlkph0000gn/T/fm-teardown-tests.VLaZgt/wake-gate-no-python-present/fakebin
++87: cat
++92: cat
++101: cat
++109: cat
++129: cat
++168: chmod +x /private/var/folders/zk/8g327wwn58x475n0vfwjlkph0000gn/T/fm-teardown-tests.VLaZgt/wake-gate-no-python-present/fakebin/treehouse /private/var/folders/zk/8g327wwn58x475n0vfwjlkph0000gn/T/fm-teardown-tests.VLaZgt/wake-gate-no-python-present/fakebin/tmux /private/var/folders/zk/8g327wwn58x475n0vfwjlkph0000gn/T/fm-teardown-tests.VLaZgt/wake-gate-no-python-present/fakebin/gh-axi /private/var/folders/zk/8g327wwn58x475n0vfwjlkph0000gn/T/fm-teardown-tests.VLaZgt/wake-gate-no-python-present/fakebin/gh /private/var/folders/zk/8g327wwn58x475n0vfwjlkph0000gn/T/fm-teardown-tests.VLaZgt/wake-gate-no-python-present/fakebin/no-mistakes
++171: git init -q --bare /private/var/folders/zk/8g327wwn58x475n0vfwjlkph0000gn/T/fm-teardown-tests.VLaZgt/wake-gate-no-python-present/origin.git
++172: git -C /private/var/folders/zk/8g327wwn58x475n0vfwjlkph0000gn/T/fm-teardown-tests.VLaZgt/wake-gate-no-python-present/origin.git symbolic-ref HEAD refs/heads/main
++174: git clone -q /private/var/folders/zk/8g327wwn58x475n0vfwjlkph0000gn/T/fm-teardown-tests.VLaZgt/wake-gate-no-python-present/origin.git /private/var/folders/zk/8g327wwn58x475n0vfwjlkph0000gn/T/fm-teardown-tests.VLaZgt/wake-gate-no-python-present/_seed
++175: git -C /private/var/folders/zk/8g327wwn58x475n0vfwjlkph0000gn/T/fm-teardown-tests.VLaZgt/wake-gate-no-python-present/_seed -c user.email=t@t -c user.name=t commit -q --allow-empty -m 'origin baseline'
++177: git -C /private/var/folders/zk/8g327wwn58x475n0vfwjlkph0000gn/T/fm-teardown-tests.VLaZgt/wake-gate-no-python-present/_seed push -q origin main
++178: rm -rf /private/var/folders/zk/8g327wwn58x475n0vfwjlkph0000gn/T/fm-teardown-tests.VLaZgt/wake-gate-no-python-present/_seed
++180: git clone -q /private/var/folders/zk/8g327wwn58x475n0vfwjlkph0000gn/T/fm-teardown-tests.VLaZgt/wake-gate-no-python-present/origin.git /private/var/folders/zk/8g327wwn58x475n0vfwjlkph0000gn/T/fm-teardown-tests.VLaZgt/wake-gate-no-python-present/project
++181: git -C /private/var/folders/zk/8g327wwn58x475n0vfwjlkph0000gn/T/fm-teardown-tests.VLaZgt/wake-gate-no-python-present/project remote set-head origin main
++183: git -C /private/var/folders/zk/8g327wwn58x475n0vfwjlkph0000gn/T/fm-teardown-tests.VLaZgt/wake-gate-no-python-present/project worktree add -q -b fm/task-x1 /private/var/folders/zk/8g327wwn58x475n0vfwjlkph0000gn/T/fm-teardown-tests.VLaZgt/wake-gate-no-python-present/wt main
++186: touch /private/var/folders/zk/8g327wwn58x475n0vfwjlkph0000gn/T/fm-teardown-tests.VLaZgt/wake-gate-no-python-present/state/.last-watcher-beat
++188: printf '%s\n' /private/var/folders/zk/8g327wwn58x475n0vfwjlkph0000gn/T/fm-teardown-tests.VLaZgt/wake-gate-no-python-present
+758: present=/private/var/folders/zk/8g327wwn58x475n0vfwjlkph0000gn/T/fm-teardown-tests.VLaZgt/wake-gate-no-python-present
+759: write_meta /private/var/folders/zk/8g327wwn58x475n0vfwjlkph0000gn/T/fm-teardown-tests.VLaZgt/wake-gate-no-python-present local-only ship
+193: local case_dir=/private/var/folders/zk/8g327wwn58x475n0vfwjlkph0000gn/T/fm-teardown-tests.VLaZgt/wake-gate-no-python-present mode=local-only kind=ship
+194: fm_write_meta /private/var/folders/zk/8g327wwn58x475n0vfwjlkph0000gn/T/fm-teardown-tests.VLaZgt/wake-gate-no-python-present/state/task-x1.meta window=firstmate:fm-task-x1 endpoint_task_id=task-x1 worktree=/private/var/folders/zk/8g327wwn58x475n0vfwjlkph0000gn/T/fm-teardown-tests.VLaZgt/wake-gate-no-python-present/wt project=/private/var/folders/zk/8g327wwn58x475n0vfwjlkph0000gn/T/fm-teardown-tests.VLaZgt/wake-gate-no-python-present/project kind=ship mode=local-only spawn_gen=teardown-test-task-x1
+630: local file=/private/var/folders/zk/8g327wwn58x475n0vfwjlkph0000gn/T/fm-teardown-tests.VLaZgt/wake-gate-no-python-present/state/task-x1.meta kv
+631: shift
+632: :
+633: for kv in '"$@"'
+634: printf '%s\n' window=firstmate:fm-task-x1
+633: for kv in '"$@"'
+634: printf '%s\n' endpoint_task_id=task-x1
+633: for kv in '"$@"'
+634: printf '%s\n' worktree=/private/var/folders/zk/8g327wwn58x475n0vfwjlkph0000gn/T/fm-teardown-tests.VLaZgt/wake-gate-no-python-present/wt
+633: for kv in '"$@"'
+634: printf '%s\n' project=/private/var/folders/zk/8g327wwn58x475n0vfwjlkph0000gn/T/fm-teardown-tests.VLaZgt/wake-gate-no-python-present/project
+633: for kv in '"$@"'
+634: printf '%s\n' kind=ship
+633: for kv in '"$@"'
+634: printf '%s\n' mode=local-only
+633: for kv in '"$@"'
+634: printf '%s\n' spawn_gen=teardown-test-task-x1
+760: wt_commit /private/var/folders/zk/8g327wwn58x475n0vfwjlkph0000gn/T/fm-teardown-tests.VLaZgt/wake-gate-no-python-present 'fix the thing'
+206: local case_dir=/private/var/folders/zk/8g327wwn58x475n0vfwjlkph0000gn/T/fm-teardown-tests.VLaZgt/wake-gate-no-python-present 'msg=fix the thing'
+207: git -C /private/var/folders/zk/8g327wwn58x475n0vfwjlkph0000gn/T/fm-teardown-tests.VLaZgt/wake-gate-no-python-present/wt -c user.email=t@t -c user.name=t commit -q --allow-empty -m 'fix the thing'
+761: add_fork_with_pushed_branch /private/var/folders/zk/8g327wwn58x475n0vfwjlkph0000gn/T/fm-teardown-tests.VLaZgt/wake-gate-no-python-present
+215: local case_dir=/private/var/folders/zk/8g327wwn58x475n0vfwjlkph0000gn/T/fm-teardown-tests.VLaZgt/wake-gate-no-python-present
+216: git init -q --bare /private/var/folders/zk/8g327wwn58x475n0vfwjlkph0000gn/T/fm-teardown-tests.VLaZgt/wake-gate-no-python-present/fork.git
+217: git -C /private/var/folders/zk/8g327wwn58x475n0vfwjlkph0000gn/T/fm-teardown-tests.VLaZgt/wake-gate-no-python-present/project remote add fork /private/var/folders/zk/8g327wwn58x475n0vfwjlkph0000gn/T/fm-teardown-tests.VLaZgt/wake-gate-no-python-present/fork.git
+220: git -C /private/var/folders/zk/8g327wwn58x475n0vfwjlkph0000gn/T/fm-teardown-tests.VLaZgt/wake-gate-no-python-present/wt push -q fork fm/task-x1
+221: git -C /private/var/folders/zk/8g327wwn58x475n0vfwjlkph0000gn/T/fm-teardown-tests.VLaZgt/wake-gate-no-python-present/project fetch -q fork
+762: add_logging_treehouse /private/var/folders/zk/8g327wwn58x475n0vfwjlkph0000gn/T/fm-teardown-tests.VLaZgt/wake-gate-no-python-present
+668: local case_dir=/private/var/folders/zk/8g327wwn58x475n0vfwjlkph0000gn/T/fm-teardown-tests.VLaZgt/wake-gate-no-python-present
+669: cat
+674: chmod +x /private/var/folders/zk/8g327wwn58x475n0vfwjlkph0000gn/T/fm-teardown-tests.VLaZgt/wake-gate-no-python-present/fakebin/treehouse
+763: mkdir -p /private/var/folders/zk/8g327wwn58x475n0vfwjlkph0000gn/T/fm-teardown-tests.VLaZgt/wake-gate-no-python-present/state/wake-gate
+764: printf 'look\n'
++765: make_path_without_lsof /private/var/folders/zk/8g327wwn58x475n0vfwjlkph0000gn/T/fm-teardown-tests.VLaZgt/wake-gate-no-python-present
++657: local case_dir=/private/var/folders/zk/8g327wwn58x475n0vfwjlkph0000gn/T/fm-teardown-tests.VLaZgt/wake-gate-no-python-present path_dir=/private/var/folders/zk/8g327wwn58x475n0vfwjlkph0000gn/T/fm-teardown-tests.VLaZgt/wake-gate-no-python-present/path-without-lsof cmd resolved
++658: mkdir -p /private/var/folders/zk/8g327wwn58x475n0vfwjlkph0000gn/T/fm-teardown-tests.VLaZgt/wake-gate-no-python-present/path-without-lsof
++659: for cmd in awk bash basename cat chmod cp cut date dirname env find git grep head hostname id ln mkdir mktemp mv perl ps readlink realpath rm sed sh sleep sort stat tail timeout tr uname wc xargs
+++661: command -v awk
++661: resolved=/usr/bin/awk
++662: case "$resolved" in
++662: ln -sf /usr/bin/awk /private/var/folders/zk/8g327wwn58x475n0vfwjlkph0000gn/T/fm-teardown-tests.VLaZgt/wake-gate-no-python-present/path-without-lsof/awk
++659: for cmd in awk bash basename cat chmod cp cut date dirname env find git grep head hostname id ln mkdir mktemp mv perl ps readlink realpath rm sed sh sleep sort stat tail timeout tr uname wc xargs
+++661: command -v bash
++661: resolved=/bin/bash
++662: case "$resolved" in
++662: ln -sf /bin/bash /private/var/folders/zk/8g327wwn58x475n0vfwjlkph0000gn/T/fm-teardown-tests.VLaZgt/wake-gate-no-python-present/path-without-lsof/bash
++659: for cmd in awk bash basename cat chmod cp cut date dirname env find git grep head hostname id ln mkdir mktemp mv perl ps readlink realpath rm sed sh sleep sort stat tail timeout tr uname wc xargs
+++661: command -v basename
++661: resolved=/usr/bin/basename
++662: case "$resolved" in
++662: ln -sf /usr/bin/basename /private/var/folders/zk/8g327wwn58x475n0vfwjlkph0000gn/T/fm-teardown-tests.VLaZgt/wake-gate-no-python-present/path-without-lsof/basename
++659: for cmd in awk bash basename cat chmod cp cut date dirname env find git grep head hostname id ln mkdir mktemp mv perl ps readlink realpath rm sed sh sleep sort stat tail timeout tr uname wc xargs
+++661: command -v cat
++661: resolved=/bin/cat
++662: case "$resolved" in
++662: ln -sf /bin/cat /private/var/folders/zk/8g327wwn58x475n0vfwjlkph0000gn/T/fm-teardown-tests.VLaZgt/wake-gate-no-python-present/path-without-lsof/cat
++659: for cmd in awk bash basename cat chmod cp cut date dirname env find git grep head hostname id ln mkdir mktemp mv perl ps readlink realpath rm sed sh sleep sort stat tail timeout tr uname wc xargs
+++661: command -v chmod
++661: resolved=/bin/chmod
++662: case "$resolved" in
++662: ln -sf /bin/chmod /private/var/folders/zk/8g327wwn58x475n0vfwjlkph0000gn/T/fm-teardown-tests.VLaZgt/wake-gate-no-python-present/path-without-lsof/chmod
++659: for cmd in awk bash basename cat chmod cp cut date dirname env find git grep head hostname id ln mkdir mktemp mv perl ps readlink realpath rm sed sh sleep sort stat tail timeout tr uname wc xargs
+++661: command -v cp
++661: resolved=/bin/cp
++662: case "$resolved" in
++662: ln -sf /bin/cp /private/var/folders/zk/8g327wwn58x475n0vfwjlkph0000gn/T/fm-teardown-tests.VLaZgt/wake-gate-no-python-present/path-without-lsof/cp
++659: for cmd in awk bash basename cat chmod cp cut date dirname env find git grep head hostname id ln mkdir mktemp mv perl ps readlink realpath rm sed sh sleep sort stat tail timeout tr uname wc xargs
+++661: command -v cut
++661: resolved=/usr/bin/cut
++662: case "$resolved" in
++662: ln -sf /usr/bin/cut /private/var/folders/zk/8g327wwn58x475n0vfwjlkph0000gn/T/fm-teardown-tests.VLaZgt/wake-gate-no-python-present/path-without-lsof/cut
++659: for cmd in awk bash basename cat chmod cp cut date dirname env find git grep head hostname id ln mkdir mktemp mv perl ps readlink realpath rm sed sh sleep sort stat tail timeout tr uname wc xargs
+++661: command -v date
++661: resolved=/bin/date
++662: case "$resolved" in
++662: ln -sf /bin/date /private/var/folders/zk/8g327wwn58x475n0vfwjlkph0000gn/T/fm-teardown-tests.VLaZgt/wake-gate-no-python-present/path-without-lsof/date
++659: for cmd in awk bash basename cat chmod cp cut date dirname env find git grep head hostname id ln mkdir mktemp mv perl ps readlink realpath rm sed sh sleep sort stat tail timeout tr uname wc xargs
+++661: command -v dirname
++661: resolved=/usr/bin/dirname
++662: case "$resolved" in
++662: ln -sf /usr/bin/dirname /private/var/folders/zk/8g327wwn58x475n0vfwjlkph0000gn/T/fm-teardown-tests.VLaZgt/wake-gate-no-python-present/path-without-lsof/dirname
++659: for cmd in awk bash basename cat chmod cp cut date dirname env find git grep head hostname id ln mkdir mktemp mv perl ps readlink realpath rm sed sh sleep sort stat tail timeout tr uname wc xargs
+++661: command -v env
++661: resolved=/usr/bin/env
++662: case "$resolved" in
++662: ln -sf /usr/bin/env /private/var/folders/zk/8g327wwn58x475n0vfwjlkph0000gn/T/fm-teardown-tests.VLaZgt/wake-gate-no-python-present/path-without-lsof/env
++659: for cmd in awk bash basename cat chmod cp cut date dirname env find git grep head hostname id ln mkdir mktemp mv perl ps readlink realpath rm sed sh sleep sort stat tail timeout tr uname wc xargs
+++661: command -v find
++661: resolved=/usr/bin/find
++662: case "$resolved" in
++662: ln -sf /usr/bin/find /private/var/folders/zk/8g327wwn58x475n0vfwjlkph0000gn/T/fm-teardown-tests.VLaZgt/wake-gate-no-python-present/path-without-lsof/find
++659: for cmd in awk bash basename cat chmod cp cut date dirname env find git grep head hostname id ln mkdir mktemp mv perl ps readlink realpath rm sed sh sleep sort stat tail timeout tr uname wc xargs
+++661: command -v git
++661: resolved=/usr/bin/git
++662: case "$resolved" in
++662: ln -sf /usr/bin/git /private/var/folders/zk/8g327wwn58x475n0vfwjlkph0000gn/T/fm-teardown-tests.VLaZgt/wake-gate-no-python-present/path-without-lsof/git
++659: for cmd in awk bash basename cat chmod cp cut date dirname env find git grep head hostname id ln mkdir mktemp mv perl ps readlink realpath rm sed sh sleep sort stat tail timeout tr uname wc xargs
+++661: command -v grep
++661: resolved=/usr/bin/grep
++662: case "$resolved" in
++662: ln -sf /usr/bin/grep /private/var/folders/zk/8g327wwn58x475n0vfwjlkph0000gn/T/fm-teardown-tests.VLaZgt/wake-gate-no-python-present/path-without-lsof/grep
++659: for cmd in awk bash basename cat chmod cp cut date dirname env find git grep head hostname id ln mkdir mktemp mv perl ps readlink realpath rm sed sh sleep sort stat tail timeout tr uname wc xargs
+++661: command -v head
++661: resolved=/usr/bin/head
++662: case "$resolved" in
++662: ln -sf /usr/bin/head /private/var/folders/zk/8g327wwn58x475n0vfwjlkph0000gn/T/fm-teardown-tests.VLaZgt/wake-gate-no-python-present/path-without-lsof/head
++659: for cmd in awk bash basename cat chmod cp cut date dirname env find git grep head hostname id ln mkdir mktemp mv perl ps readlink realpath rm sed sh sleep sort stat tail timeout tr uname wc xargs
+++661: command -v hostname
++661: resolved=/bin/hostname
++662: case "$resolved" in
++662: ln -sf /bin/hostname /private/var/folders/zk/8g327wwn58x475n0vfwjlkph0000gn/T/fm-teardown-tests.VLaZgt/wake-gate-no-python-present/path-without-lsof/hostname
++659: for cmd in awk bash basename cat chmod cp cut date dirname env find git grep head hostname id ln mkdir mktemp mv perl ps readlink realpath rm sed sh sleep sort stat tail timeout tr uname wc xargs
+++661: command -v id
++661: resolved=/usr/bin/id
++662: case "$resolved" in
++662: ln -sf /usr/bin/id /private/var/folders/zk/8g327wwn58x475n0vfwjlkph0000gn/T/fm-teardown-tests.VLaZgt/wake-gate-no-python-present/path-without-lsof/id
++659: for cmd in awk bash basename cat chmod cp cut date dirname env find git grep head hostname id ln mkdir mktemp mv perl ps readlink realpath rm sed sh sleep sort stat tail timeout tr uname wc xargs
+++661: command -v ln
++661: resolved=/bin/ln
++662: case "$resolved" in
++662: ln -sf /bin/ln /private/var/folders/zk/8g327wwn58x475n0vfwjlkph0000gn/T/fm-teardown-tests.VLaZgt/wake-gate-no-python-present/path-without-lsof/ln
++659: for cmd in awk bash basename cat chmod cp cut date dirname env find git grep head hostname id ln mkdir mktemp mv perl ps readlink realpath rm sed sh sleep sort stat tail timeout tr uname wc xargs
+++661: command -v mkdir
++661: resolved=/bin/mkdir
++662: case "$resolved" in
++662: ln -sf /bin/mkdir /private/var/folders/zk/8g327wwn58x475n0vfwjlkph0000gn/T/fm-teardown-tests.VLaZgt/wake-gate-no-python-present/path-without-lsof/mkdir
++659: for cmd in awk bash basename cat chmod cp cut date dirname env find git grep head hostname id ln mkdir mktemp mv perl ps readlink realpath rm sed sh sleep sort stat tail timeout tr uname wc xargs
+++661: command -v mktemp
++661: resolved=/usr/bin/mktemp
++662: case "$resolved" in
++662: ln -sf /usr/bin/mktemp /private/var/folders/zk/8g327wwn58x475n0vfwjlkph0000gn/T/fm-teardown-tests.VLaZgt/wake-gate-no-python-present/path-without-lsof/mktemp
++659: for cmd in awk bash basename cat chmod cp cut date dirname env find git grep head hostname id ln mkdir mktemp mv perl ps readlink realpath rm sed sh sleep sort stat tail timeout tr uname wc xargs
+++661: command -v mv
++661: resolved=/bin/mv
++662: case "$resolved" in
++662: ln -sf /bin/mv /private/var/folders/zk/8g327wwn58x475n0vfwjlkph0000gn/T/fm-teardown-tests.VLaZgt/wake-gate-no-python-present/path-without-lsof/mv
++659: for cmd in awk bash basename cat chmod cp cut date dirname env find git grep head hostname id ln mkdir mktemp mv perl ps readlink realpath rm sed sh sleep sort stat tail timeout tr uname wc xargs
+++661: command -v perl
++661: resolved=/usr/bin/perl
++662: case "$resolved" in
++662: ln -sf /usr/bin/perl /private/var/folders/zk/8g327wwn58x475n0vfwjlkph0000gn/T/fm-teardown-tests.VLaZgt/wake-gate-no-python-present/path-without-lsof/perl
++659: for cmd in awk bash basename cat chmod cp cut date dirname env find git grep head hostname id ln mkdir mktemp mv perl ps readlink realpath rm sed sh sleep sort stat tail timeout tr uname wc xargs
+++661: command -v ps
++661: resolved=/bin/ps
++662: case "$resolved" in
++662: ln -sf /bin/ps /private/var/folders/zk/8g327wwn58x475n0vfwjlkph0000gn/T/fm-teardown-tests.VLaZgt/wake-gate-no-python-present/path-without-lsof/ps
++659: for cmd in awk bash basename cat chmod cp cut date dirname env find git grep head hostname id ln mkdir mktemp mv perl ps readlink realpath rm sed sh sleep sort stat tail timeout tr uname wc xargs
+++661: command -v readlink
++661: resolved=/usr/bin/readlink
++662: case "$resolved" in
++662: ln -sf /usr/bin/readlink /private/var/folders/zk/8g327wwn58x475n0vfwjlkph0000gn/T/fm-teardown-tests.VLaZgt/wake-gate-no-python-present/path-without-lsof/readlink
++659: for cmd in awk bash basename cat chmod cp cut date dirname env find git grep head hostname id ln mkdir mktemp mv perl ps readlink realpath rm sed sh sleep sort stat tail timeout tr uname wc xargs
+++661: command -v realpath
++661: resolved=/bin/realpath
++662: case "$resolved" in
++662: ln -sf /bin/realpath /private/var/folders/zk/8g327wwn58x475n0vfwjlkph0000gn/T/fm-teardown-tests.VLaZgt/wake-gate-no-python-present/path-without-lsof/realpath
++659: for cmd in awk bash basename cat chmod cp cut date dirname env find git grep head hostname id ln mkdir mktemp mv perl ps readlink realpath rm sed sh sleep sort stat tail timeout tr uname wc xargs
+++661: command -v rm
++661: resolved=/bin/rm
++662: case "$resolved" in
++662: ln -sf /bin/rm /private/var/folders/zk/8g327wwn58x475n0vfwjlkph0000gn/T/fm-teardown-tests.VLaZgt/wake-gate-no-python-present/path-without-lsof/rm
++659: for cmd in awk bash basename cat chmod cp cut date dirname env find git grep head hostname id ln mkdir mktemp mv perl ps readlink realpath rm sed sh sleep sort stat tail timeout tr uname wc xargs
+++661: command -v sed
++661: resolved=/usr/bin/sed
++662: case "$resolved" in
++662: ln -sf /usr/bin/sed /private/var/folders/zk/8g327wwn58x475n0vfwjlkph0000gn/T/fm-teardown-tests.VLaZgt/wake-gate-no-python-present/path-without-lsof/sed
++659: for cmd in awk bash basename cat chmod cp cut date dirname env find git grep head hostname id ln mkdir mktemp mv perl ps readlink realpath rm sed sh sleep sort stat tail timeout tr uname wc xargs
+++661: command -v sh
++661: resolved=/bin/sh
++662: case "$resolved" in
++662: ln -sf /bin/sh /private/var/folders/zk/8g327wwn58x475n0vfwjlkph0000gn/T/fm-teardown-tests.VLaZgt/wake-gate-no-python-present/path-without-lsof/sh
++659: for cmd in awk bash basename cat chmod cp cut date dirname env find git grep head hostname id ln mkdir mktemp mv perl ps readlink realpath rm sed sh sleep sort stat tail timeout tr uname wc xargs
+++661: command -v sleep
++661: resolved=/bin/sleep
++662: case "$resolved" in
++662: ln -sf /bin/sleep /private/var/folders/zk/8g327wwn58x475n0vfwjlkph0000gn/T/fm-teardown-tests.VLaZgt/wake-gate-no-python-present/path-without-lsof/sleep
++659: for cmd in awk bash basename cat chmod cp cut date dirname env find git grep head hostname id ln mkdir mktemp mv perl ps readlink realpath rm sed sh sleep sort stat tail timeout tr uname wc xargs
+++661: command -v sort
++661: resolved=/usr/bin/sort
++662: case "$resolved" in
++662: ln -sf /usr/bin/sort /private/var/folders/zk/8g327wwn58x475n0vfwjlkph0000gn/T/fm-teardown-tests.VLaZgt/wake-gate-no-python-present/path-without-lsof/sort
++659: for cmd in awk bash basename cat chmod cp cut date dirname env find git grep head hostname id ln mkdir mktemp mv perl ps readlink realpath rm sed sh sleep sort stat tail timeout tr uname wc xargs
+++661: command -v stat
++661: resolved=/usr/bin/stat
++662: case "$resolved" in
++662: ln -sf /usr/bin/stat /private/var/folders/zk/8g327wwn58x475n0vfwjlkph0000gn/T/fm-teardown-tests.VLaZgt/wake-gate-no-python-present/path-without-lsof/stat
++659: for cmd in awk bash basename cat chmod cp cut date dirname env find git grep head hostname id ln mkdir mktemp mv perl ps readlink realpath rm sed sh sleep sort stat tail timeout tr uname wc xargs
+++661: command -v tail
++661: resolved=/usr/bin/tail
++662: case "$resolved" in
++662: ln -sf /usr/bin/tail /private/var/folders/zk/8g327wwn58x475n0vfwjlkph0000gn/T/fm-teardown-tests.VLaZgt/wake-gate-no-python-present/path-without-lsof/tail
++659: for cmd in awk bash basename cat chmod cp cut date dirname env find git grep head hostname id ln mkdir mktemp mv perl ps readlink realpath rm sed sh sleep sort stat tail timeout tr uname wc xargs
+++661: command -v timeout
++661: resolved=/opt/homebrew/bin/timeout
++662: case "$resolved" in
++662: ln -sf /opt/homebrew/bin/timeout /private/var/folders/zk/8g327wwn58x475n0vfwjlkph0000gn/T/fm-teardown-tests.VLaZgt/wake-gate-no-python-present/path-without-lsof/timeout
++659: for cmd in awk bash basename cat chmod cp cut date dirname env find git grep head hostname id ln mkdir mktemp mv perl ps readlink realpath rm sed sh sleep sort stat tail timeout tr uname wc xargs
+++661: command -v tr
++661: resolved=/usr/bin/tr
++662: case "$resolved" in
++662: ln -sf /usr/bin/tr /private/var/folders/zk/8g327wwn58x475n0vfwjlkph0000gn/T/fm-teardown-tests.VLaZgt/wake-gate-no-python-present/path-without-lsof/tr
++659: for cmd in awk bash basename cat chmod cp cut date dirname env find git grep head hostname id ln mkdir mktemp mv perl ps readlink realpath rm sed sh sleep sort stat tail timeout tr uname wc xargs
+++661: command -v uname
++661: resolved=/usr/bin/uname
++662: case "$resolved" in
++662: ln -sf /usr/bin/uname /private/var/folders/zk/8g327wwn58x475n0vfwjlkph0000gn/T/fm-teardown-tests.VLaZgt/wake-gate-no-python-present/path-without-lsof/uname
++659: for cmd in awk bash basename cat chmod cp cut date dirname env find git grep head hostname id ln mkdir mktemp mv perl ps readlink realpath rm sed sh sleep sort stat tail timeout tr uname wc xargs
+++661: command -v wc
++661: resolved=/usr/bin/wc
++662: case "$resolved" in
++662: ln -sf /usr/bin/wc /private/var/folders/zk/8g327wwn58x475n0vfwjlkph0000gn/T/fm-teardown-tests.VLaZgt/wake-gate-no-python-present/path-without-lsof/wc
++659: for cmd in awk bash basename cat chmod cp cut date dirname env find git grep head hostname id ln mkdir mktemp mv perl ps readlink realpath rm sed sh sleep sort stat tail timeout tr uname wc xargs
+++661: command -v xargs
++661: resolved=/usr/bin/xargs
++662: case "$resolved" in
++662: ln -sf /usr/bin/xargs /private/var/folders/zk/8g327wwn58x475n0vfwjlkph0000gn/T/fm-teardown-tests.VLaZgt/wake-gate-no-python-present/path-without-lsof/xargs
++664: printf '%s\n' /private/var/folders/zk/8g327wwn58x475n0vfwjlkph0000gn/T/fm-teardown-tests.VLaZgt/wake-gate-no-python-present/path-without-lsof
+765: path=/private/var/folders/zk/8g327wwn58x475n0vfwjlkph0000gn/T/fm-teardown-tests.VLaZgt/wake-gate-no-python-present/path-without-lsof
+766: rc=0
+767: FM_TEARDOWN_TEST_PATH=/private/var/folders/zk/8g327wwn58x475n0vfwjlkph0000gn/T/fm-teardown-tests.VLaZgt/wake-gate-no-python-present/path-without-lsof
+767: run_teardown /private/var/folders/zk/8g327wwn58x475n0vfwjlkph0000gn/T/fm-teardown-tests.VLaZgt/wake-gate-no-python-present
+767: rc=1
+768: expect_code 1 1 'wake-gate-no-python-present: teardown removed state without descriptor-bound I/O'
+689: local expected=1 actual=1 'label=wake-gate-no-python-present: teardown removed state without descriptor-bound I/O'
+690: '[' 1 = 1 ']'
+769: assert_present /private/var/folders/zk/8g327wwn58x475n0vfwjlkph0000gn/T/fm-teardown-tests.VLaZgt/wake-gate-no-python-present/state/wake-gate/task-x1.look 'wake-gate-no-python-present: teardown removed the look state without Python'
+711: '[' -e /private/var/folders/zk/8g327wwn58x475n0vfwjlkph0000gn/T/fm-teardown-tests.VLaZgt/wake-gate-no-python-present/state/wake-gate/task-x1.look ']'
+771: assert_grep 'python3 is required to retire wake-gate state safely' /private/var/folders/zk/8g327wwn58x475n0vfwjlkph0000gn/T/fm-teardown-tests.VLaZgt/wake-gate-no-python-present/stderr 'wake-gate-no-python-present: teardown did not explain the required runtime'
+696: grep -F -- 'python3 is required to retire wake-gate state safely' /private/var/folders/zk/8g327wwn58x475n0vfwjlkph0000gn/T/fm-teardown-tests.VLaZgt/wake-gate-no-python-present/stderr
+773: assert_absent /private/var/folders/zk/8g327wwn58x475n0vfwjlkph0000gn/T/fm-teardown-tests.VLaZgt/wake-gate-no-python-present/treehouse.log 'wake-gate-no-python-present: teardown returned the worktree before refusing the missing runtime'
+706: '[' '!' -e /private/var/folders/zk/8g327wwn58x475n0vfwjlkph0000gn/T/fm-teardown-tests.VLaZgt/wake-gate-no-python-present/treehouse.log ']'
+775: assert_present /private/var/folders/zk/8g327wwn58x475n0vfwjlkph0000gn/T/fm-teardown-tests.VLaZgt/wake-gate-no-python-present/state/task-x1.meta 'wake-gate-no-python-present: teardown removed task identity after refusing the missing runtime'
+711: '[' -e /private/var/folders/zk/8g327wwn58x475n0vfwjlkph0000gn/T/fm-teardown-tests.VLaZgt/wake-gate-no-python-present/state/task-x1.meta ']'
+777: pass 'teardown preflights the optional wake-gate runtime before destructive cleanup'
+86: printf 'ok - %s\n' 'teardown preflights the optional wake-gate runtime before destructive cleanup'
ok - teardown preflights the optional wake-gate runtime before destructive cleanup
+3745: test_teardown_closes_the_backlog_item_itself
+781: local case_dir out
++782: make_case tasks-axi-close
++80: local name=tasks-axi-close case_dir fakebin
++81: case_dir=/private/var/folders/zk/8g327wwn58x475n0vfwjlkph0000gn/T/fm-teardown-tests.VLaZgt/tasks-axi-close
++82: fakebin=/private/var/folders/zk/8g327wwn58x475n0vfwjlkph0000gn/T/fm-teardown-tests.VLaZgt/tasks-axi-close/fakebin
++83: mkdir -p /private/var/folders/zk/8g327wwn58x475n0vfwjlkph0000gn/T/fm-teardown-tests.VLaZgt/tasks-axi-close/state /private/var/folders/zk/8g327wwn58x475n0vfwjlkph0000gn/T/fm-teardown-tests.VLaZgt/tasks-axi-close/config /private/var/folders/zk/8g327wwn58x475n0vfwjlkph0000gn/T/fm-teardown-tests.VLaZgt/tasks-axi-close/data /private/var/folders/zk/8g327wwn58x475n0vfwjlkph0000gn/T/fm-teardown-tests.VLaZgt/tasks-axi-close/fakebin
++87: cat
++92: cat
++101: cat
++109: cat
++129: cat
++168: chmod +x /private/var/folders/zk/8g327wwn58x475n0vfwjlkph0000gn/T/fm-teardown-tests.VLaZgt/tasks-axi-close/fakebin/treehouse /private/var/folders/zk/8g327wwn58x475n0vfwjlkph0000gn/T/fm-teardown-tests.VLaZgt/tasks-axi-close/fakebin/tmux /private/var/folders/zk/8g327wwn58x475n0vfwjlkph0000gn/T/fm-teardown-tests.VLaZgt/tasks-axi-close/fakebin/gh-axi /private/var/folders/zk/8g327wwn58x475n0vfwjlkph0000gn/T/fm-teardown-tests.VLaZgt/tasks-axi-close/fakebin/gh /private/var/folders/zk/8g327wwn58x475n0vfwjlkph0000gn/T/fm-teardown-tests.VLaZgt/tasks-axi-close/fakebin/no-mistakes
++171: git init -q --bare /private/var/folders/zk/8g327wwn58x475n0vfwjlkph0000gn/T/fm-teardown-tests.VLaZgt/tasks-axi-close/origin.git
++172: git -C /private/var/folders/zk/8g327wwn58x475n0vfwjlkph0000gn/T/fm-teardown-tests.VLaZgt/tasks-axi-close/origin.git symbolic-ref HEAD refs/heads/main
++174: git clone -q /private/var/folders/zk/8g327wwn58x475n0vfwjlkph0000gn/T/fm-teardown-tests.VLaZgt/tasks-axi-close/origin.git /private/var/folders/zk/8g327wwn58x475n0vfwjlkph0000gn/T/fm-teardown-tests.VLaZgt/tasks-axi-close/_seed
++175: git -C /private/var/folders/zk/8g327wwn58x475n0vfwjlkph0000gn/T/fm-teardown-tests.VLaZgt/tasks-axi-close/_seed -c user.email=t@t -c user.name=t commit -q --allow-empty -m 'origin baseline'
++177: git -C /private/var/folders/zk/8g327wwn58x475n0vfwjlkph0000gn/T/fm-teardown-tests.VLaZgt/tasks-axi-close/_seed push -q origin main
++178: rm -rf /private/var/folders/zk/8g327wwn58x475n0vfwjlkph0000gn/T/fm-teardown-tests.VLaZgt/tasks-axi-close/_seed
++180: git clone -q /private/var/folders/zk/8g327wwn58x475n0vfwjlkph0000gn/T/fm-teardown-tests.VLaZgt/tasks-axi-close/origin.git /private/var/folders/zk/8g327wwn58x475n0vfwjlkph0000gn/T/fm-teardown-tests.VLaZgt/tasks-axi-close/project
++181: git -C /private/var/folders/zk/8g327wwn58x475n0vfwjlkph0000gn/T/fm-teardown-tests.VLaZgt/tasks-axi-close/project remote set-head origin main
++183: git -C /private/var/folders/zk/8g327wwn58x475n0vfwjlkph0000gn/T/fm-teardown-tests.VLaZgt/tasks-axi-close/project worktree add -q -b fm/task-x1 /private/var/folders/zk/8g327wwn58x475n0vfwjlkph0000gn/T/fm-teardown-tests.VLaZgt/tasks-axi-close/wt main
++186: touch /private/var/folders/zk/8g327wwn58x475n0vfwjlkph0000gn/T/fm-teardown-tests.VLaZgt/tasks-axi-close/state/.last-watcher-beat
++188: printf '%s\n' /private/var/folders/zk/8g327wwn58x475n0vfwjlkph0000gn/T/fm-teardown-tests.VLaZgt/tasks-axi-close
+782: case_dir=/private/var/folders/zk/8g327wwn58x475n0vfwjlkph0000gn/T/fm-teardown-tests.VLaZgt/tasks-axi-close
+783: write_meta /private/var/folders/zk/8g327wwn58x475n0vfwjlkph0000gn/T/fm-teardown-tests.VLaZgt/tasks-axi-close no-mistakes ship
+193: local case_dir=/private/var/folders/zk/8g327wwn58x475n0vfwjlkph0000gn/T/fm-teardown-tests.VLaZgt/tasks-axi-close mode=no-mistakes kind=ship
+194: fm_write_meta /private/var/folders/zk/8g327wwn58x475n0vfwjlkph0000gn/T/fm-teardown-tests.VLaZgt/tasks-axi-close/state/task-x1.meta window=firstmate:fm-task-x1 endpoint_task_id=task-x1 worktree=/private/var/folders/zk/8g327wwn58x475n0vfwjlkph0000gn/T/fm-teardown-tests.VLaZgt/tasks-axi-close/wt project=/private/var/folders/zk/8g327wwn58x475n0vfwjlkph0000gn/T/fm-teardown-tests.VLaZgt/tasks-axi-close/project kind=ship mode=no-mistakes spawn_gen=teardown-test-task-x1
+630: local file=/private/var/folders/zk/8g327wwn58x475n0vfwjlkph0000gn/T/fm-teardown-tests.VLaZgt/tasks-axi-close/state/task-x1.meta kv
+631: shift
+632: :
+633: for kv in '"$@"'
+634: printf '%s\n' window=firstmate:fm-task-x1
+633: for kv in '"$@"'
+634: printf '%s\n' endpoint_task_id=task-x1
+633: for kv in '"$@"'
+634: printf '%s\n' worktree=/private/var/folders/zk/8g327wwn58x475n0vfwjlkph0000gn/T/fm-teardown-tests.VLaZgt/tasks-axi-close/wt
+633: for kv in '"$@"'
+634: printf '%s\n' project=/private/var/folders/zk/8g327wwn58x475n0vfwjlkph0000gn/T/fm-teardown-tests.VLaZgt/tasks-axi-close/project
+633: for kv in '"$@"'
+634: printf '%s\n' kind=ship
+633: for kv in '"$@"'
+634: printf '%s\n' mode=no-mistakes
+633: for kv in '"$@"'
+634: printf '%s\n' spawn_gen=teardown-test-task-x1
+784: printf '%s\n' pr=https://github.com/example/repo/pull/7
+785: seed_backlog_in_flight /private/var/folders/zk/8g327wwn58x475n0vfwjlkph0000gn/T/fm-teardown-tests.VLaZgt/tasks-axi-close
+639: local case_dir=/private/var/folders/zk/8g327wwn58x475n0vfwjlkph0000gn/T/fm-teardown-tests.VLaZgt/tasks-axi-close kind=ship
+640: mkdir -p /private/var/folders/zk/8g327wwn58x475n0vfwjlkph0000gn/T/fm-teardown-tests.VLaZgt/tasks-axi-close/data
+641: printf '%s\n' '# Backlog' '' '## In flight' '' '## Queued' '' '## Done'
+643: tasks-axi add task-x1 'teardown fixture task' --kind ship --file /private/var/folders/zk/8g327wwn58x475n0vfwjlkph0000gn/T/fm-teardown-tests.VLaZgt/tasks-axi-close/data/backlog.md
+645: tasks-axi start task-x1 --file /private/var/folders/zk/8g327wwn58x475n0vfwjlkph0000gn/T/fm-teardown-tests.VLaZgt/tasks-axi-close/data/backlog.md
++787: run_teardown /private/var/folders/zk/8g327wwn58x475n0vfwjlkph0000gn/T/fm-teardown-tests.VLaZgt/tasks-axi-close
++623: local case_dir=/private/var/folders/zk/8g327wwn58x475n0vfwjlkph0000gn/T/fm-teardown-tests.VLaZgt/tasks-axi-close
++623: shift
++627: FM_ROOT_OVERRIDE=/Users/bastotecnologia/.no-mistakes/worktrees/5a1fd3284f12/01M34QFFNA8GHX8N66YZVVJXKG
++627: FM_STATE_OVERRIDE=/private/var/folders/zk/8g327wwn58x475n0vfwjlkph0000gn/T/fm-teardown-tests.VLaZgt/tasks-axi-close/state
++627: FM_DATA_OVERRIDE=/private/var/folders/zk/8g327wwn58x475n0vfwjlkph0000gn/T/fm-teardown-tests.VLaZgt/tasks-axi-close/data
++627: FM_CONFIG_OVERRIDE=/private/var/folders/zk/8g327wwn58x475n0vfwjlkph0000gn/T/fm-teardown-tests.VLaZgt/tasks-axi-close/config
++627: PATH='/private/var/folders/zk/8g327wwn58x475n0vfwjlkph0000gn/T/fm-teardown-tests.VLaZgt/tasks-axi-close/fakebin:/Users/bastotecnologia/.pi/agent/bin:/Users/bastotecnologia/.local/bin:/opt/homebrew/share/google-cloud-sdk/bin:/Users/bastotecnologia/bin:/Users/bastotecnologia/.pyenv/shims:/usr/local/share/google-cloud-sdk/bin:/Users/bastotecnologia/.bun/bin:/Users/bastotecnologia/dotfiles/bin:/Users/bastotecnologia/.local/bin:/Users/bastotecnologia/.platformio/penv/bin:/Users/bastotecnologia/Library/Android/sdk/platform-tools:/Library/Java/JavaVirtualMachines/temurin-21.jdk/Contents/Home/bin:/Users/bastotecnologia/.antigravity/antigravity/bin:/Users/bastotecnologia/.opencode/bin:/Users/bastotecnologia/.openfang/bin:/Users/bastotecnologia/Library/Application Support/carapace/bin:/Users/bastotecnologia/.nvm/versions/node/v22.22.0/bin:/usr/local/bin:/System/Cryptexes/App/usr/bin:/usr/bin:/bin:/usr/sbin:/sbin:/var/run/com.apple.security.cryptexd/codex.system/bootstrap/usr/local/bin:/var/run/com.apple.security.cryptexd/codex.system/bootstrap/usr/bin:/var/run/com.apple.security.cryptexd/codex.system/bootstrap/usr/appleinternal/bin:/pkg/env/global/bin:/opt/X11/bin:/Library/Apple/usr/bin:/usr/local/share/dotnet:~/.dotnet/tools:/Users/bastotecnologia/.wasmedge/bin:/Users/bastotecnologia/go/bin:/Users/bastotecnologia/.cargo/bin:/Users/bastotecnologia/bin:/usr/local/sbin:/Users/bastotecnologia/.orbstack/bin:/opt/homebrew/bin:/opt/homebrew/sbin:/opt/homebrew/opt/qt@5/bin:/opt/homebrew/opt/mysql-client/bin:/opt/homebrew/opt/riscv-openocd/bin:/opt/homebrew/Cellar/riscv-gnu-toolchain/main/bin'
++627: /Users/bastotecnologia/.no-mistakes/worktrees/5a1fd3284f12/01M34QFFNA8GHX8N66YZVVJXKG/bin/fm-teardown.sh task-x1
●━━━━━━━━━━━━━━━━━━━━━━━━━━━━━━━━━━━━━━━━━━━━━━━━━━━━━━━━━━━━━━━━━━━━━━━
●  WATCHER DOWN - SUPERVISION IS OFF
●  1 task(s) in flight, but no live watcher process holds this home lock (last beat: 2s ago).
●  Trust the emitted supervision protocol for this harness; do not use shell & for watcher repair.
●  This is a supervision warning only; the guarded operation WILL still run.
●  repair a missing or failed watcher cycle with the Pi tool fm_watch_arm_pi, or restart Pi with -e /Users/bastotecnologia/.no-mistakes/worktrees/5a1fd3284f12/01M34QFFNA8GHX8N66YZVVJXKG/.pi/extensions/fm-primary-turnend-guard.ts -e /Users/bastotecnologia/.no-mistakes/worktrees/5a1fd3284f12/01M34QFFNA8GHX8N66YZVVJXKG/.pi/extensions/fm-primary-pi-watch.ts if the extensions are not loaded.
●━━━━━━━━━━━━━━━━━━━━━━━━━━━━━━━━━━━━━━━━━━━━━━━━━━━━━━━━━━━━━━━━━━━━━━━
+787: out='/private/var/folders/zk/8g327wwn58x475n0vfwjlkph0000gn/T/fm-teardown-tests.VLaZgt/tasks-axi-close/project: already current
teardown task-x1 complete (window firstmate:fm-task-x1, worktree /private/var/folders/zk/8g327wwn58x475n0vfwjlkph0000gn/T/fm-teardown-tests.VLaZgt/tasks-axi-close/wt)
Backlog: task-x1 is closed in /private/var/folders/zk/8g327wwn58x475n0vfwjlkph0000gn/T/fm-teardown-tests.VLaZgt/tasks-axi-close/data/backlog.md. Run bin/fm-tasks-axi.sh ready for dependency-cleared candidates, check date gates, and dispatch only work whose blockers are gone and date is due.'
++788: backlog_row_state /private/var/folders/zk/8g327wwn58x475n0vfwjlkph0000gn/T/fm-teardown-tests.VLaZgt/tasks-axi-close
++649: local case_dir=/private/var/folders/zk/8g327wwn58x475n0vfwjlkph0000gn/T/fm-teardown-tests.VLaZgt/tasks-axi-close
++650: tasks-axi show task-x1 --file /private/var/folders/zk/8g327wwn58x475n0vfwjlkph0000gn/T/fm-teardown-tests.VLaZgt/tasks-axi-close/data/backlog.md
++651: sed -n 's/^  state: *//p'
++651: head -1
+788: '[' done = done ']'
+790: assert_grep https://github.com/example/repo/pull/7 /private/var/folders/zk/8g327wwn58x475n0vfwjlkph0000gn/T/fm-teardown-tests.VLaZgt/tasks-axi-close/data/backlog.md 'closed backlog item did not record the task'\''s PR'
+696: grep -F -- https://github.com/example/repo/pull/7 /private/var/folders/zk/8g327wwn58x475n0vfwjlkph0000gn/T/fm-teardown-tests.VLaZgt/tasks-axi-close/data/backlog.md
+792: assert_absent /private/var/folders/zk/8g327wwn58x475n0vfwjlkph0000gn/T/fm-teardown-tests.VLaZgt/tasks-axi-close/state/task-x1.backlog-close 'a landed close left its pending-close record behind'
+706: '[' '!' -e /private/var/folders/zk/8g327wwn58x475n0vfwjlkph0000gn/T/fm-teardown-tests.VLaZgt/tasks-axi-close/state/task-x1.backlog-close ']'
+794: printf '%s\n' '/private/var/folders/zk/8g327wwn58x475n0vfwjlkph0000gn/T/fm-teardown-tests.VLaZgt/tasks-axi-close/project: already current
teardown task-x1 complete (window firstmate:fm-task-x1, worktree /private/var/folders/zk/8g327wwn58x475n0vfwjlkph0000gn/T/fm-teardown-tests.VLaZgt/tasks-axi-close/wt)
Backlog: task-x1 is closed in /private/var/folders/zk/8g327wwn58x475n0vfwjlkph0000gn/T/fm-teardown-tests.VLaZgt/tasks-axi-close/data/backlog.md. Run bin/fm-tasks-axi.sh ready for dependency-cleared candidates, check date gates, and dispatch only work whose blockers are gone and date is due.'
+794: grep -F 'bin/fm-tasks-axi.sh ready'
+796: printf '%s\n' '/private/var/folders/zk/8g327wwn58x475n0vfwjlkph0000gn/T/fm-teardown-tests.VLaZgt/tasks-axi-close/project: already current
teardown task-x1 complete (window firstmate:fm-task-x1, worktree /private/var/folders/zk/8g327wwn58x475n0vfwjlkph0000gn/T/fm-teardown-tests.VLaZgt/tasks-axi-close/wt)
Backlog: task-x1 is closed in /private/var/folders/zk/8g327wwn58x475n0vfwjlkph0000gn/T/fm-teardown-tests.VLaZgt/tasks-axi-close/data/backlog.md. Run bin/fm-tasks-axi.sh ready for dependency-cleared candidates, check date gates, and dispatch only work whose blockers are gone and date is due.'
+796: grep -F 'check date gates'
+798: printf '%s\n' '/private/var/folders/zk/8g327wwn58x475n0vfwjlkph0000gn/T/fm-teardown-tests.VLaZgt/tasks-axi-close/project: already current
teardown task-x1 complete (window firstmate:fm-task-x1, worktree /private/var/folders/zk/8g327wwn58x475n0vfwjlkph0000gn/T/fm-teardown-tests.VLaZgt/tasks-axi-close/wt)
Backlog: task-x1 is closed in /private/var/folders/zk/8g327wwn58x475n0vfwjlkph0000gn/T/fm-teardown-tests.VLaZgt/tasks-axi-close/data/backlog.md. Run bin/fm-tasks-axi.sh ready for dependency-cleared candidates, check date gates, and dispatch only work whose blockers are gone and date is due.'
+798: grep -F 'Run tasks-axi done'
+800: pass 'teardown closes its own backlog item before reporting success'
+86: printf 'ok - %s\n' 'teardown closes its own backlog item before reporting success'
ok - teardown closes its own backlog item before reporting success
+3746: test_teardown_manual_backend_leaves_the_backlog_to_the_operator
+804: local case_dir out backlog_path
++805: make_case tasks-axi-manual-optout
++80: local name=tasks-axi-manual-optout case_dir fakebin
++81: case_dir=/private/var/folders/zk/8g327wwn58x475n0vfwjlkph0000gn/T/fm-teardown-tests.VLaZgt/tasks-axi-manual-optout
++82: fakebin=/private/var/folders/zk/8g327wwn58x475n0vfwjlkph0000gn/T/fm-teardown-tests.VLaZgt/tasks-axi-manual-optout/fakebin
++83: mkdir -p /private/var/folders/zk/8g327wwn58x475n0vfwjlkph0000gn/T/fm-teardown-tests.VLaZgt/tasks-axi-manual-optout/state /private/var/folders/zk/8g327wwn58x475n0vfwjlkph0000gn/T/fm-teardown-tests.VLaZgt/tasks-axi-manual-optout/config /private/var/folders/zk/8g327wwn58x475n0vfwjlkph0000gn/T/fm-teardown-tests.VLaZgt/tasks-axi-manual-optout/data /private/var/folders/zk/8g327wwn58x475n0vfwjlkph0000gn/T/fm-teardown-tests.VLaZgt/tasks-axi-manual-optout/fakebin
++87: cat
++92: cat
++101: cat
++109: cat
++129: cat
++168: chmod +x /private/var/folders/zk/8g327wwn58x475n0vfwjlkph0000gn/T/fm-teardown-tests.VLaZgt/tasks-axi-manual-optout/fakebin/treehouse /private/var/folders/zk/8g327wwn58x475n0vfwjlkph0000gn/T/fm-teardown-tests.VLaZgt/tasks-axi-manual-optout/fakebin/tmux /private/var/folders/zk/8g327wwn58x475n0vfwjlkph0000gn/T/fm-teardown-tests.VLaZgt/tasks-axi-manual-optout/fakebin/gh-axi /private/var/folders/zk/8g327wwn58x475n0vfwjlkph0000gn/T/fm-teardown-tests.VLaZgt/tasks-axi-manual-optout/fakebin/gh /private/var/folders/zk/8g327wwn58x475n0vfwjlkph0000gn/T/fm-teardown-tests.VLaZgt/tasks-axi-manual-optout/fakebin/no-mistakes
++171: git init -q --bare /private/var/folders/zk/8g327wwn58x475n0vfwjlkph0000gn/T/fm-teardown-tests.VLaZgt/tasks-axi-manual-optout/origin.git
++172: git -C /private/var/folders/zk/8g327wwn58x475n0vfwjlkph0000gn/T/fm-teardown-tests.VLaZgt/tasks-axi-manual-optout/origin.git symbolic-ref HEAD refs/heads/main
++174: git clone -q /private/var/folders/zk/8g327wwn58x475n0vfwjlkph0000gn/T/fm-teardown-tests.VLaZgt/tasks-axi-manual-optout/origin.git /private/var/folders/zk/8g327wwn58x475n0vfwjlkph0000gn/T/fm-teardown-tests.VLaZgt/tasks-axi-manual-optout/_seed
++175: git -C /private/var/folders/zk/8g327wwn58x475n0vfwjlkph0000gn/T/fm-teardown-tests.VLaZgt/tasks-axi-manual-optout/_seed -c user.email=t@t -c user.name=t commit -q --allow-empty -m 'origin baseline'
++177: git -C /private/var/folders/zk/8g327wwn58x475n0vfwjlkph0000gn/T/fm-teardown-tests.VLaZgt/tasks-axi-manual-optout/_seed push -q origin main
++178: rm -rf /private/var/folders/zk/8g327wwn58x475n0vfwjlkph0000gn/T/fm-teardown-tests.VLaZgt/tasks-axi-manual-optout/_seed
++180: git clone -q /private/var/folders/zk/8g327wwn58x475n0vfwjlkph0000gn/T/fm-teardown-tests.VLaZgt/tasks-axi-manual-optout/origin.git /private/var/folders/zk/8g327wwn58x475n0vfwjlkph0000gn/T/fm-teardown-tests.VLaZgt/tasks-axi-manual-optout/project
++181: git -C /private/var/folders/zk/8g327wwn58x475n0vfwjlkph0000gn/T/fm-teardown-tests.VLaZgt/tasks-axi-manual-optout/project remote set-head origin main
++183: git -C /private/var/folders/zk/8g327wwn58x475n0vfwjlkph0000gn/T/fm-teardown-tests.VLaZgt/tasks-axi-manual-optout/project worktree add -q -b fm/task-x1 /private/var/folders/zk/8g327wwn58x475n0vfwjlkph0000gn/T/fm-teardown-tests.VLaZgt/tasks-axi-manual-optout/wt main
++186: touch /private/var/folders/zk/8g327wwn58x475n0vfwjlkph0000gn/T/fm-teardown-tests.VLaZgt/tasks-axi-manual-optout/state/.last-watcher-beat
++188: printf '%s\n' /private/var/folders/zk/8g327wwn58x475n0vfwjlkph0000gn/T/fm-teardown-tests.VLaZgt/tasks-axi-manual-optout
+805: case_dir=/private/var/folders/zk/8g327wwn58x475n0vfwjlkph0000gn/T/fm-teardown-tests.VLaZgt/tasks-axi-manual-optout
+806: write_meta /private/var/folders/zk/8g327wwn58x475n0vfwjlkph0000gn/T/fm-teardown-tests.VLaZgt/tasks-axi-manual-optout no-mistakes ship
+193: local case_dir=/private/var/folders/zk/8g327wwn58x475n0vfwjlkph0000gn/T/fm-teardown-tests.VLaZgt/tasks-axi-manual-optout mode=no-mistakes kind=ship
+194: fm_write_meta /private/var/folders/zk/8g327wwn58x475n0vfwjlkph0000gn/T/fm-teardown-tests.VLaZgt/tasks-axi-manual-optout/state/task-x1.meta window=firstmate:fm-task-x1 endpoint_task_id=task-x1 worktree=/private/var/folders/zk/8g327wwn58x475n0vfwjlkph0000gn/T/fm-teardown-tests.VLaZgt/tasks-axi-manual-optout/wt project=/private/var/folders/zk/8g327wwn58x475n0vfwjlkph0000gn/T/fm-teardown-tests.VLaZgt/tasks-axi-manual-optout/project kind=ship mode=no-mistakes spawn_gen=teardown-test-task-x1
+630: local file=/private/var/folders/zk/8g327wwn58x475n0vfwjlkph0000gn/T/fm-teardown-tests.VLaZgt/tasks-axi-manual-optout/state/task-x1.meta kv
+631: shift
+632: :
+633: for kv in '"$@"'
+634: printf '%s\n' window=firstmate:fm-task-x1
+633: for kv in '"$@"'
+634: printf '%s\n' endpoint_task_id=task-x1
+633: for kv in '"$@"'
+634: printf '%s\n' worktree=/private/var/folders/zk/8g327wwn58x475n0vfwjlkph0000gn/T/fm-teardown-tests.VLaZgt/tasks-axi-manual-optout/wt
+633: for kv in '"$@"'
+634: printf '%s\n' project=/private/var/folders/zk/8g327wwn58x475n0vfwjlkph0000gn/T/fm-teardown-tests.VLaZgt/tasks-axi-manual-optout/project
+633: for kv in '"$@"'
+634: printf '%s\n' kind=ship
+633: for kv in '"$@"'
+634: printf '%s\n' mode=no-mistakes
+633: for kv in '"$@"'
+634: printf '%s\n' spawn_gen=teardown-test-task-x1
+807: printf '%s\n' pr=https://github.com/example/repo/pull/7
+808: printf '%s\n' manual
+809: seed_backlog_in_flight /private/var/folders/zk/8g327wwn58x475n0vfwjlkph0000gn/T/fm-teardown-tests.VLaZgt/tasks-axi-manual-optout
+639: local case_dir=/private/var/folders/zk/8g327wwn58x475n0vfwjlkph0000gn/T/fm-teardown-tests.VLaZgt/tasks-axi-manual-optout kind=ship
+640: mkdir -p /private/var/folders/zk/8g327wwn58x475n0vfwjlkph0000gn/T/fm-teardown-tests.VLaZgt/tasks-axi-manual-optout/data
+641: printf '%s\n' '# Backlog' '' '## In flight' '' '## Queued' '' '## Done'
+643: tasks-axi add task-x1 'teardown fixture task' --kind ship --file /private/var/folders/zk/8g327wwn58x475n0vfwjlkph0000gn/T/fm-teardown-tests.VLaZgt/tasks-axi-manual-optout/data/backlog.md
+645: tasks-axi start task-x1 --file /private/var/folders/zk/8g327wwn58x475n0vfwjlkph0000gn/T/fm-teardown-tests.VLaZgt/tasks-axi-manual-optout/data/backlog.md
++811: run_teardown /private/var/folders/zk/8g327wwn58x475n0vfwjlkph0000gn/T/fm-teardown-tests.VLaZgt/tasks-axi-manual-optout
++623: local case_dir=/private/var/folders/zk/8g327wwn58x475n0vfwjlkph0000gn/T/fm-teardown-tests.VLaZgt/tasks-axi-manual-optout
++623: shift
++627: FM_ROOT_OVERRIDE=/Users/bastotecnologia/.no-mistakes/worktrees/5a1fd3284f12/01M34QFFNA8GHX8N66YZVVJXKG
++627: FM_STATE_OVERRIDE=/private/var/folders/zk/8g327wwn58x475n0vfwjlkph0000gn/T/fm-teardown-tests.VLaZgt/tasks-axi-manual-optout/state
++627: FM_DATA_OVERRIDE=/private/var/folders/zk/8g327wwn58x475n0vfwjlkph0000gn/T/fm-teardown-tests.VLaZgt/tasks-axi-manual-optout/data
++627: FM_CONFIG_OVERRIDE=/private/var/folders/zk/8g327wwn58x475n0vfwjlkph0000gn/T/fm-teardown-tests.VLaZgt/tasks-axi-manual-optout/config
++627: PATH='/private/var/folders/zk/8g327wwn58x475n0vfwjlkph0000gn/T/fm-teardown-tests.VLaZgt/tasks-axi-manual-optout/fakebin:/Users/bastotecnologia/.pi/agent/bin:/Users/bastotecnologia/.local/bin:/opt/homebrew/share/google-cloud-sdk/bin:/Users/bastotecnologia/bin:/Users/bastotecnologia/.pyenv/shims:/usr/local/share/google-cloud-sdk/bin:/Users/bastotecnologia/.bun/bin:/Users/bastotecnologia/dotfiles/bin:/Users/bastotecnologia/.local/bin:/Users/bastotecnologia/.platformio/penv/bin:/Users/bastotecnologia/Library/Android/sdk/platform-tools:/Library/Java/JavaVirtualMachines/temurin-21.jdk/Contents/Home/bin:/Users/bastotecnologia/.antigravity/antigravity/bin:/Users/bastotecnologia/.opencode/bin:/Users/bastotecnologia/.openfang/bin:/Users/bastotecnologia/Library/Application Support/carapace/bin:/Users/bastotecnologia/.nvm/versions/node/v22.22.0/bin:/usr/local/bin:/System/Cryptexes/App/usr/bin:/usr/bin:/bin:/usr/sbin:/sbin:/var/run/com.apple.security.cryptexd/codex.system/bootstrap/usr/local/bin:/var/run/com.apple.security.cryptexd/codex.system/bootstrap/usr/bin:/var/run/com.apple.security.cryptexd/codex.system/bootstrap/usr/appleinternal/bin:/pkg/env/global/bin:/opt/X11/bin:/Library/Apple/usr/bin:/usr/local/share/dotnet:~/.dotnet/tools:/Users/bastotecnologia/.wasmedge/bin:/Users/bastotecnologia/go/bin:/Users/bastotecnologia/.cargo/bin:/Users/bastotecnologia/bin:/usr/local/sbin:/Users/bastotecnologia/.orbstack/bin:/opt/homebrew/bin:/opt/homebrew/sbin:/opt/homebrew/opt/qt@5/bin:/opt/homebrew/opt/mysql-client/bin:/opt/homebrew/opt/riscv-openocd/bin:/opt/homebrew/Cellar/riscv-gnu-toolchain/main/bin'
++627: /Users/bastotecnologia/.no-mistakes/worktrees/5a1fd3284f12/01M34QFFNA8GHX8N66YZVVJXKG/bin/fm-teardown.sh task-x1
●━━━━━━━━━━━━━━━━━━━━━━━━━━━━━━━━━━━━━━━━━━━━━━━━━━━━━━━━━━━━━━━━━━━━━━━
●  WATCHER DOWN - SUPERVISION IS OFF
●  1 task(s) in flight, but no live watcher process holds this home lock (last beat: 1s ago).
●  Trust the emitted supervision protocol for this harness; do not use shell & for watcher repair.
●  This is a supervision warning only; the guarded operation WILL still run.
●  repair a missing or failed watcher cycle with the Pi tool fm_watch_arm_pi, or restart Pi with -e /Users/bastotecnologia/.no-mistakes/worktrees/5a1fd3284f12/01M34QFFNA8GHX8N66YZVVJXKG/.pi/extensions/fm-primary-turnend-guard.ts -e /Users/bastotecnologia/.no-mistakes/worktrees/5a1fd3284f12/01M34QFFNA8GHX8N66YZVVJXKG/.pi/extensions/fm-primary-pi-watch.ts if the extensions are not loaded.
●━━━━━━━━━━━━━━━━━━━━━━━━━━━━━━━━━━━━━━━━━━━━━━━━━━━━━━━━━━━━━━━━━━━━━━━
+811: out='/private/var/folders/zk/8g327wwn58x475n0vfwjlkph0000gn/T/fm-teardown-tests.VLaZgt/tasks-axi-manual-optout/project: already current
teardown task-x1 complete (window firstmate:fm-task-x1, worktree /private/var/folders/zk/8g327wwn58x475n0vfwjlkph0000gn/T/fm-teardown-tests.VLaZgt/tasks-axi-manual-optout/wt)
Backlog: task-x1 just finished (config/backlog-backend selects manual editing). Update /private/var/folders/zk/8g327wwn58x475n0vfwjlkph0000gn/T/fm-teardown-tests.VLaZgt/tasks-axi-manual-optout/data/backlog.md - move task-x1 to Done, keep Done to the 10 most recent, then re-scan Queued and dispatch only work whose blockers are gone and date is due.'
++812: backlog_row_state /private/var/folders/zk/8g327wwn58x475n0vfwjlkph0000gn/T/fm-teardown-tests.VLaZgt/tasks-axi-manual-optout
++649: local case_dir=/private/var/folders/zk/8g327wwn58x475n0vfwjlkph0000gn/T/fm-teardown-tests.VLaZgt/tasks-axi-manual-optout
++650: tasks-axi show task-x1 --file /private/var/folders/zk/8g327wwn58x475n0vfwjlkph0000gn/T/fm-teardown-tests.VLaZgt/tasks-axi-manual-optout/data/backlog.md
++651: sed -n 's/^  state: *//p'
++651: head -1
+812: '[' in_flight = in_flight ']'
++814: cd /private/var/folders/zk/8g327wwn58x475n0vfwjlkph0000gn/T/fm-teardown-tests.VLaZgt/tasks-axi-manual-optout/data
++814: pwd -P
+814: backlog_path=/private/var/folders/zk/8g327wwn58x475n0vfwjlkph0000gn/T/fm-teardown-tests.VLaZgt/tasks-axi-manual-optout/data/backlog.md
+815: printf '%s\n' '/private/var/folders/zk/8g327wwn58x475n0vfwjlkph0000gn/T/fm-teardown-tests.VLaZgt/tasks-axi-manual-optout/project: already current
teardown task-x1 complete (window firstmate:fm-task-x1, worktree /private/var/folders/zk/8g327wwn58x475n0vfwjlkph0000gn/T/fm-teardown-tests.VLaZgt/tasks-axi-manual-optout/wt)
Backlog: task-x1 just finished (config/backlog-backend selects manual editing). Update /private/var/folders/zk/8g327wwn58x475n0vfwjlkph0000gn/T/fm-teardown-tests.VLaZgt/tasks-axi-manual-optout/data/backlog.md - move task-x1 to Done, keep Done to the 10 most recent, then re-scan Queued and dispatch only work whose blockers are gone and date is due.'
+815: grep -F 'Update /private/var/folders/zk/8g327wwn58x475n0vfwjlkph0000gn/T/fm-teardown-tests.VLaZgt/tasks-axi-manual-optout/data/backlog.md - move task-x1 to Done'
+817: pass 'teardown honors config/backlog-backend=manual and still finishes cleanly'
+86: printf 'ok - %s\n' 'teardown honors config/backlog-backend=manual and still finishes cleanly'
ok - teardown honors config/backlog-backend=manual and still finishes cleanly
+3747: test_local_only_truly_unpushed_refuses
+821: local case_dir rc
++822: make_case truly-unpushed
++80: local name=truly-unpushed case_dir fakebin
++81: case_dir=/private/var/folders/zk/8g327wwn58x475n0vfwjlkph0000gn/T/fm-teardown-tests.VLaZgt/truly-unpushed
++82: fakebin=/private/var/folders/zk/8g327wwn58x475n0vfwjlkph0000gn/T/fm-teardown-tests.VLaZgt/truly-unpushed/fakebin
++83: mkdir -p /private/var/folders/zk/8g327wwn58x475n0vfwjlkph0000gn/T/fm-teardown-tests.VLaZgt/truly-unpushed/state /private/var/folders/zk/8g327wwn58x475n0vfwjlkph0000gn/T/fm-teardown-tests.VLaZgt/truly-unpushed/config /private/var/folders/zk/8g327wwn58x475n0vfwjlkph0000gn/T/fm-teardown-tests.VLaZgt/truly-unpushed/data /private/var/folders/zk/8g327wwn58x475n0vfwjlkph0000gn/T/fm-teardown-tests.VLaZgt/truly-unpushed/fakebin
++87: cat
++92: cat
++101: cat
++109: cat
++129: cat
++168: chmod +x /private/var/folders/zk/8g327wwn58x475n0vfwjlkph0000gn/T/fm-teardown-tests.VLaZgt/truly-unpushed/fakebin/treehouse /private/var/folders/zk/8g327wwn58x475n0vfwjlkph0000gn/T/fm-teardown-tests.VLaZgt/truly-unpushed/fakebin/tmux /private/var/folders/zk/8g327wwn58x475n0vfwjlkph0000gn/T/fm-teardown-tests.VLaZgt/truly-unpushed/fakebin/gh-axi /private/var/folders/zk/8g327wwn58x475n0vfwjlkph0000gn/T/fm-teardown-tests.VLaZgt/truly-unpushed/fakebin/gh /private/var/folders/zk/8g327wwn58x475n0vfwjlkph0000gn/T/fm-teardown-tests.VLaZgt/truly-unpushed/fakebin/no-mistakes
++171: git init -q --bare /private/var/folders/zk/8g327wwn58x475n0vfwjlkph0000gn/T/fm-teardown-tests.VLaZgt/truly-unpushed/origin.git
++172: git -C /private/var/folders/zk/8g327wwn58x475n0vfwjlkph0000gn/T/fm-teardown-tests.VLaZgt/truly-unpushed/origin.git symbolic-ref HEAD refs/heads/main
++174: git clone -q /private/var/folders/zk/8g327wwn58x475n0vfwjlkph0000gn/T/fm-teardown-tests.VLaZgt/truly-unpushed/origin.git /private/var/folders/zk/8g327wwn58x475n0vfwjlkph0000gn/T/fm-teardown-tests.VLaZgt/truly-unpushed/_seed
++175: git -C /private/var/folders/zk/8g327wwn58x475n0vfwjlkph0000gn/T/fm-teardown-tests.VLaZgt/truly-unpushed/_seed -c user.email=t@t -c user.name=t commit -q --allow-empty -m 'origin baseline'
++177: git -C /private/var/folders/zk/8g327wwn58x475n0vfwjlkph0000gn/T/fm-teardown-tests.VLaZgt/truly-unpushed/_seed push -q origin main
++178: rm -rf /private/var/folders/zk/8g327wwn58x475n0vfwjlkph0000gn/T/fm-teardown-tests.VLaZgt/truly-unpushed/_seed
++180: git clone -q /private/var/folders/zk/8g327wwn58x475n0vfwjlkph0000gn/T/fm-teardown-tests.VLaZgt/truly-unpushed/origin.git /private/var/folders/zk/8g327wwn58x475n0vfwjlkph0000gn/T/fm-teardown-tests.VLaZgt/truly-unpushed/project
++181: git -C /private/var/folders/zk/8g327wwn58x475n0vfwjlkph0000gn/T/fm-teardown-tests.VLaZgt/truly-unpushed/project remote set-head origin main
++183: git -C /private/var/folders/zk/8g327wwn58x475n0vfwjlkph0000gn/T/fm-teardown-tests.VLaZgt/truly-unpushed/project worktree add -q -b fm/task-x1 /private/var/folders/zk/8g327wwn58x475n0vfwjlkph0000gn/T/fm-teardown-tests.VLaZgt/truly-unpushed/wt main
++186: touch /private/var/folders/zk/8g327wwn58x475n0vfwjlkph0000gn/T/fm-teardown-tests.VLaZgt/truly-unpushed/state/.last-watcher-beat
++188: printf '%s\n' /private/var/folders/zk/8g327wwn58x475n0vfwjlkph0000gn/T/fm-teardown-tests.VLaZgt/truly-unpushed
+822: case_dir=/private/var/folders/zk/8g327wwn58x475n0vfwjlkph0000gn/T/fm-teardown-tests.VLaZgt/truly-unpushed
+823: write_meta /private/var/folders/zk/8g327wwn58x475n0vfwjlkph0000gn/T/fm-teardown-tests.VLaZgt/truly-unpushed local-only ship
+193: local case_dir=/private/var/folders/zk/8g327wwn58x475n0vfwjlkph0000gn/T/fm-teardown-tests.VLaZgt/truly-unpushed mode=local-only kind=ship
+194: fm_write_meta /private/var/folders/zk/8g327wwn58x475n0vfwjlkph0000gn/T/fm-teardown-tests.VLaZgt/truly-unpushed/state/task-x1.meta window=firstmate:fm-task-x1 endpoint_task_id=task-x1 worktree=/private/var/folders/zk/8g327wwn58x475n0vfwjlkph0000gn/T/fm-teardown-tests.VLaZgt/truly-unpushed/wt project=/private/var/folders/zk/8g327wwn58x475n0vfwjlkph0000gn/T/fm-teardown-tests.VLaZgt/truly-unpushed/project kind=ship mode=local-only spawn_gen=teardown-test-task-x1
+630: local file=/private/var/folders/zk/8g327wwn58x475n0vfwjlkph0000gn/T/fm-teardown-tests.VLaZgt/truly-unpushed/state/task-x1.meta kv
+631: shift
+632: :
+633: for kv in '"$@"'
+634: printf '%s\n' window=firstmate:fm-task-x1
+633: for kv in '"$@"'
+634: printf '%s\n' endpoint_task_id=task-x1
+633: for kv in '"$@"'
+634: printf '%s\n' worktree=/private/var/folders/zk/8g327wwn58x475n0vfwjlkph0000gn/T/fm-teardown-tests.VLaZgt/truly-unpushed/wt
+633: for kv in '"$@"'
+634: printf '%s\n' project=/private/var/folders/zk/8g327wwn58x475n0vfwjlkph0000gn/T/fm-teardown-tests.VLaZgt/truly-unpushed/project
+633: for kv in '"$@"'
+634: printf '%s\n' kind=ship
+633: for kv in '"$@"'
+634: printf '%s\n' mode=local-only
+633: for kv in '"$@"'
+634: printf '%s\n' spawn_gen=teardown-test-task-x1
+824: wt_commit /private/var/folders/zk/8g327wwn58x475n0vfwjlkph0000gn/T/fm-teardown-tests.VLaZgt/truly-unpushed 'unpushed work'
+206: local case_dir=/private/var/folders/zk/8g327wwn58x475n0vfwjlkph0000gn/T/fm-teardown-tests.VLaZgt/truly-unpushed 'msg=unpushed work'
+207: git -C /private/var/folders/zk/8g327wwn58x475n0vfwjlkph0000gn/T/fm-teardown-tests.VLaZgt/truly-unpushed/wt -c user.email=t@t -c user.name=t commit -q --allow-empty -m 'unpushed work'
+827: set +e
+828: run_teardown /private/var/folders/zk/8g327wwn58x475n0vfwjlkph0000gn/T/fm-teardown-tests.VLaZgt/truly-unpushed
+829: rc=1
+830: set -e
+832: expect_code 1 1 'truly-unpushed: teardown should refuse'
+689: local expected=1 actual=1 'label=truly-unpushed: teardown should refuse'
+690: '[' 1 = 1 ']'
+833: grep -q REFUSED /private/var/folders/zk/8g327wwn58x475n0vfwjlkph0000gn/T/fm-teardown-tests.VLaZgt/truly-unpushed/stderr
+834: pass 'local-only worktree with truly unpushed work is refused (safety preserved)'
+86: printf 'ok - %s\n' 'local-only worktree with truly unpushed work is refused (safety preserved)'
ok - local-only worktree with truly unpushed work is refused (safety preserved)
+3748: test_local_only_merged_to_local_main_allows
+838: local case_dir rc
++839: make_case merged-main
++80: local name=merged-main case_dir fakebin
++81: case_dir=/private/var/folders/zk/8g327wwn58x475n0vfwjlkph0000gn/T/fm-teardown-tests.VLaZgt/merged-main
++82: fakebin=/private/var/folders/zk/8g327wwn58x475n0vfwjlkph0000gn/T/fm-teardown-tests.VLaZgt/merged-main/fakebin
++83: mkdir -p /private/var/folders/zk/8g327wwn58x475n0vfwjlkph0000gn/T/fm-teardown-tests.VLaZgt/merged-main/state /private/var/folders/zk/8g327wwn58x475n0vfwjlkph0000gn/T/fm-teardown-tests.VLaZgt/merged-main/config /private/var/folders/zk/8g327wwn58x475n0vfwjlkph0000gn/T/fm-teardown-tests.VLaZgt/merged-main/data /private/var/folders/zk/8g327wwn58x475n0vfwjlkph0000gn/T/fm-teardown-tests.VLaZgt/merged-main/fakebin
++87: cat
++92: cat
++101: cat
++109: cat
++129: cat
++168: chmod +x /private/var/folders/zk/8g327wwn58x475n0vfwjlkph0000gn/T/fm-teardown-tests.VLaZgt/merged-main/fakebin/treehouse /private/var/folders/zk/8g327wwn58x475n0vfwjlkph0000gn/T/fm-teardown-tests.VLaZgt/merged-main/fakebin/tmux /private/var/folders/zk/8g327wwn58x475n0vfwjlkph0000gn/T/fm-teardown-tests.VLaZgt/merged-main/fakebin/gh-axi /private/var/folders/zk/8g327wwn58x475n0vfwjlkph0000gn/T/fm-teardown-tests.VLaZgt/merged-main/fakebin/gh /private/var/folders/zk/8g327wwn58x475n0vfwjlkph0000gn/T/fm-teardown-tests.VLaZgt/merged-main/fakebin/no-mistakes
++171: git init -q --bare /private/var/folders/zk/8g327wwn58x475n0vfwjlkph0000gn/T/fm-teardown-tests.VLaZgt/merged-main/origin.git
++172: git -C /private/var/folders/zk/8g327wwn58x475n0vfwjlkph0000gn/T/fm-teardown-tests.VLaZgt/merged-main/origin.git symbolic-ref HEAD refs/heads/main
++174: git clone -q /private/var/folders/zk/8g327wwn58x475n0vfwjlkph0000gn/T/fm-teardown-tests.VLaZgt/merged-main/origin.git /private/var/folders/zk/8g327wwn58x475n0vfwjlkph0000gn/T/fm-teardown-tests.VLaZgt/merged-main/_seed
++175: git -C /private/var/folders/zk/8g327wwn58x475n0vfwjlkph0000gn/T/fm-teardown-tests.VLaZgt/merged-main/_seed -c user.email=t@t -c user.name=t commit -q --allow-empty -m 'origin baseline'
++177: git -C /private/var/folders/zk/8g327wwn58x475n0vfwjlkph0000gn/T/fm-teardown-tests.VLaZgt/merged-main/_seed push -q origin main
++178: rm -rf /private/var/folders/zk/8g327wwn58x475n0vfwjlkph0000gn/T/fm-teardown-tests.VLaZgt/merged-main/_seed
++180: git clone -q /private/var/folders/zk/8g327wwn58x475n0vfwjlkph0000gn/T/fm-teardown-tests.VLaZgt/merged-main/origin.git /private/var/folders/zk/8g327wwn58x475n0vfwjlkph0000gn/T/fm-teardown-tests.VLaZgt/merged-main/project
++181: git -C /private/var/folders/zk/8g327wwn58x475n0vfwjlkph0000gn/T/fm-teardown-tests.VLaZgt/merged-main/project remote set-head origin main
++183: git -C /private/var/folders/zk/8g327wwn58x475n0vfwjlkph0000gn/T/fm-teardown-tests.VLaZgt/merged-main/project worktree add -q -b fm/task-x1 /private/var/folders/zk/8g327wwn58x475n0vfwjlkph0000gn/T/fm-teardown-tests.VLaZgt/merged-main/wt main
++186: touch /private/var/folders/zk/8g327wwn58x475n0vfwjlkph0000gn/T/fm-teardown-tests.VLaZgt/merged-main/state/.last-watcher-beat
++188: printf '%s\n' /private/var/folders/zk/8g327wwn58x475n0vfwjlkph0000gn/T/fm-teardown-tests.VLaZgt/merged-main
+839: case_dir=/private/var/folders/zk/8g327wwn58x475n0vfwjlkph0000gn/T/fm-teardown-tests.VLaZgt/merged-main
+840: write_meta /private/var/folders/zk/8g327wwn58x475n0vfwjlkph0000gn/T/fm-teardown-tests.VLaZgt/merged-main local-only ship
+193: local case_dir=/private/var/folders/zk/8g327wwn58x475n0vfwjlkph0000gn/T/fm-teardown-tests.VLaZgt/merged-main mode=local-only kind=ship
+194: fm_write_meta /private/var/folders/zk/8g327wwn58x475n0vfwjlkph0000gn/T/fm-teardown-tests.VLaZgt/merged-main/state/task-x1.meta window=firstmate:fm-task-x1 endpoint_task_id=task-x1 worktree=/private/var/folders/zk/8g327wwn58x475n0vfwjlkph0000gn/T/fm-teardown-tests.VLaZgt/merged-main/wt project=/private/var/folders/zk/8g327wwn58x475n0vfwjlkph0000gn/T/fm-teardown-tests.VLaZgt/merged-main/project kind=ship mode=local-only spawn_gen=teardown-test-task-x1
+630: local file=/private/var/folders/zk/8g327wwn58x475n0vfwjlkph0000gn/T/fm-teardown-tests.VLaZgt/merged-main/state/task-x1.meta kv
+631: shift
+632: :
+633: for kv in '"$@"'
+634: printf '%s\n' window=firstmate:fm-task-x1
+633: for kv in '"$@"'
+634: printf '%s\n' endpoint_task_id=task-x1
+633: for kv in '"$@"'
+634: printf '%s\n' worktree=/private/var/folders/zk/8g327wwn58x475n0vfwjlkph0000gn/T/fm-teardown-tests.VLaZgt/merged-main/wt
+633: for kv in '"$@"'
+634: printf '%s\n' project=/private/var/folders/zk/8g327wwn58x475n0vfwjlkph0000gn/T/fm-teardown-tests.VLaZgt/merged-main/project
+633: for kv in '"$@"'
+634: printf '%s\n' kind=ship
+633: for kv in '"$@"'
+634: printf '%s\n' mode=local-only
+633: for kv in '"$@"'
+634: printf '%s\n' spawn_gen=teardown-test-task-x1
+841: wt_commit /private/var/folders/zk/8g327wwn58x475n0vfwjlkph0000gn/T/fm-teardown-tests.VLaZgt/merged-main 'merged work'
+206: local case_dir=/private/var/folders/zk/8g327wwn58x475n0vfwjlkph0000gn/T/fm-teardown-tests.VLaZgt/merged-main 'msg=merged work'
+207: git -C /private/var/folders/zk/8g327wwn58x475n0vfwjlkph0000gn/T/fm-teardown-tests.VLaZgt/merged-main/wt -c user.email=t@t -c user.name=t commit -q --allow-empty -m 'merged work'
+845: local wt_head
++846: git -C /private/var/folders/zk/8g327wwn58x475n0vfwjlkph0000gn/T/fm-teardown-tests.VLaZgt/merged-main/wt rev-parse HEAD
+846: wt_head=0610eee18ce0f4535b3c69d430c4a8ba02702fae
+847: git -C /private/var/folders/zk/8g327wwn58x475n0vfwjlkph0000gn/T/fm-teardown-tests.VLaZgt/merged-main/project update-ref refs/heads/main 0610eee18ce0f4535b3c69d430c4a8ba02702fae
+849: set +e
+850: run_teardown /private/var/folders/zk/8g327wwn58x475n0vfwjlkph0000gn/T/fm-teardown-tests.VLaZgt/merged-main
+851: rc=0
+852: set -e
+854: expect_code 0 0 'merged-main: teardown should succeed when work is merged into local main'
+689: local expected=0 actual=0 'label=merged-main: teardown should succeed when work is merged into local main'
+690: '[' 0 = 0 ']'
+855: grep -q REFUSED /private/var/folders/zk/8g327wwn58x475n0vfwjlkph0000gn/T/fm-teardown-tests.VLaZgt/merged-main/stderr
+856: pass 'local-only worktree with work merged into local main is torn down (no regression)'
+86: printf 'ok - %s\n' 'local-only worktree with work merged into local main is torn down (no regression)'
ok - local-only worktree with work merged into local main is torn down (no regression)
+3749: test_no_mistakes_origin_remote_allows
+860: local case_dir rc
++861: make_case nm-origin
++80: local name=nm-origin case_dir fakebin
++81: case_dir=/private/var/folders/zk/8g327wwn58x475n0vfwjlkph0000gn/T/fm-teardown-tests.VLaZgt/nm-origin
++82: fakebin=/private/var/folders/zk/8g327wwn58x475n0vfwjlkph0000gn/T/fm-teardown-tests.VLaZgt/nm-origin/fakebin
++83: mkdir -p /private/var/folders/zk/8g327wwn58x475n0vfwjlkph0000gn/T/fm-teardown-tests.VLaZgt/nm-origin/state /private/var/folders/zk/8g327wwn58x475n0vfwjlkph0000gn/T/fm-teardown-tests.VLaZgt/nm-origin/config /private/var/folders/zk/8g327wwn58x475n0vfwjlkph0000gn/T/fm-teardown-tests.VLaZgt/nm-origin/data /private/var/folders/zk/8g327wwn58x475n0vfwjlkph0000gn/T/fm-teardown-tests.VLaZgt/nm-origin/fakebin
++87: cat
++92: cat
++101: cat
++109: cat
++129: cat
++168: chmod +x /private/var/folders/zk/8g327wwn58x475n0vfwjlkph0000gn/T/fm-teardown-tests.VLaZgt/nm-origin/fakebin/treehouse /private/var/folders/zk/8g327wwn58x475n0vfwjlkph0000gn/T/fm-teardown-tests.VLaZgt/nm-origin/fakebin/tmux /private/var/folders/zk/8g327wwn58x475n0vfwjlkph0000gn/T/fm-teardown-tests.VLaZgt/nm-origin/fakebin/gh-axi /private/var/folders/zk/8g327wwn58x475n0vfwjlkph0000gn/T/fm-teardown-tests.VLaZgt/nm-origin/fakebin/gh /private/var/folders/zk/8g327wwn58x475n0vfwjlkph0000gn/T/fm-teardown-tests.VLaZgt/nm-origin/fakebin/no-mistakes
++171: git init -q --bare /private/var/folders/zk/8g327wwn58x475n0vfwjlkph0000gn/T/fm-teardown-tests.VLaZgt/nm-origin/origin.git
++172: git -C /private/var/folders/zk/8g327wwn58x475n0vfwjlkph0000gn/T/fm-teardown-tests.VLaZgt/nm-origin/origin.git symbolic-ref HEAD refs/heads/main
++174: git clone -q /private/var/folders/zk/8g327wwn58x475n0vfwjlkph0000gn/T/fm-teardown-tests.VLaZgt/nm-origin/origin.git /private/var/folders/zk/8g327wwn58x475n0vfwjlkph0000gn/T/fm-teardown-tests.VLaZgt/nm-origin/_seed
++175: git -C /private/var/folders/zk/8g327wwn58x475n0vfwjlkph0000gn/T/fm-teardown-tests.VLaZgt/nm-origin/_seed -c user.email=t@t -c user.name=t commit -q --allow-empty -m 'origin baseline'
++177: git -C /private/var/folders/zk/8g327wwn58x475n0vfwjlkph0000gn/T/fm-teardown-tests.VLaZgt/nm-origin/_seed push -q origin main
++178: rm -rf /private/var/folders/zk/8g327wwn58x475n0vfwjlkph0000gn/T/fm-teardown-tests.VLaZgt/nm-origin/_seed
++180: git clone -q /private/var/folders/zk/8g327wwn58x475n0vfwjlkph0000gn/T/fm-teardown-tests.VLaZgt/nm-origin/origin.git /private/var/folders/zk/8g327wwn58x475n0vfwjlkph0000gn/T/fm-teardown-tests.VLaZgt/nm-origin/project
++181: git -C /private/var/folders/zk/8g327wwn58x475n0vfwjlkph0000gn/T/fm-teardown-tests.VLaZgt/nm-origin/project remote set-head origin main
++183: git -C /private/var/folders/zk/8g327wwn58x475n0vfwjlkph0000gn/T/fm-teardown-tests.VLaZgt/nm-origin/project worktree add -q -b fm/task-x1 /private/var/folders/zk/8g327wwn58x475n0vfwjlkph0000gn/T/fm-teardown-tests.VLaZgt/nm-origin/wt main
++186: touch /private/var/folders/zk/8g327wwn58x475n0vfwjlkph0000gn/T/fm-teardown-tests.VLaZgt/nm-origin/state/.last-watcher-beat
++188: printf '%s\n' /private/var/folders/zk/8g327wwn58x475n0vfwjlkph0000gn/T/fm-teardown-tests.VLaZgt/nm-origin
+861: case_dir=/private/var/folders/zk/8g327wwn58x475n0vfwjlkph0000gn/T/fm-teardown-tests.VLaZgt/nm-origin
+862: write_meta /private/var/folders/zk/8g327wwn58x475n0vfwjlkph0000gn/T/fm-teardown-tests.VLaZgt/nm-origin no-mistakes ship
+193: local case_dir=/private/var/folders/zk/8g327wwn58x475n0vfwjlkph0000gn/T/fm-teardown-tests.VLaZgt/nm-origin mode=no-mistakes kind=ship
+194: fm_write_meta /private/var/folders/zk/8g327wwn58x475n0vfwjlkph0000gn/T/fm-teardown-tests.VLaZgt/nm-origin/state/task-x1.meta window=firstmate:fm-task-x1 endpoint_task_id=task-x1 worktree=/private/var/folders/zk/8g327wwn58x475n0vfwjlkph0000gn/T/fm-teardown-tests.VLaZgt/nm-origin/wt project=/private/var/folders/zk/8g327wwn58x475n0vfwjlkph0000gn/T/fm-teardown-tests.VLaZgt/nm-origin/project kind=ship mode=no-mistakes spawn_gen=teardown-test-task-x1
+630: local file=/private/var/folders/zk/8g327wwn58x475n0vfwjlkph0000gn/T/fm-teardown-tests.VLaZgt/nm-origin/state/task-x1.meta kv
+631: shift
+632: :
+633: for kv in '"$@"'
+634: printf '%s\n' window=firstmate:fm-task-x1
+633: for kv in '"$@"'
+634: printf '%s\n' endpoint_task_id=task-x1
+633: for kv in '"$@"'
+634: printf '%s\n' worktree=/private/var/folders/zk/8g327wwn58x475n0vfwjlkph0000gn/T/fm-teardown-tests.VLaZgt/nm-origin/wt
+633: for kv in '"$@"'
+634: printf '%s\n' project=/private/var/folders/zk/8g327wwn58x475n0vfwjlkph0000gn/T/fm-teardown-tests.VLaZgt/nm-origin/project
+633: for kv in '"$@"'
+634: printf '%s\n' kind=ship
+633: for kv in '"$@"'
+634: printf '%s\n' mode=no-mistakes
+633: for kv in '"$@"'
+634: printf '%s\n' spawn_gen=teardown-test-task-x1
+863: wt_commit /private/var/folders/zk/8g327wwn58x475n0vfwjlkph0000gn/T/fm-teardown-tests.VLaZgt/nm-origin 'shippable work'
+206: local case_dir=/private/var/folders/zk/8g327wwn58x475n0vfwjlkph0000gn/T/fm-teardown-tests.VLaZgt/nm-origin 'msg=shippable work'
+207: git -C /private/var/folders/zk/8g327wwn58x475n0vfwjlkph0000gn/T/fm-teardown-tests.VLaZgt/nm-origin/wt -c user.email=t@t -c user.name=t commit -q --allow-empty -m 'shippable work'
+865: git -C /private/var/folders/zk/8g327wwn58x475n0vfwjlkph0000gn/T/fm-teardown-tests.VLaZgt/nm-origin/wt push -q origin fm/task-x1
+866: git -C /private/var/folders/zk/8g327wwn58x475n0vfwjlkph0000gn/T/fm-teardown-tests.VLaZgt/nm-origin/project fetch -q origin
+868: set +e
+869: run_teardown /private/var/folders/zk/8g327wwn58x475n0vfwjlkph0000gn/T/fm-teardown-tests.VLaZgt/nm-origin
+870: rc=0
+871: set -e
+873: expect_code 0 0 'nm-origin: teardown should succeed when HEAD is on origin'
+689: local expected=0 actual=0 'label=nm-origin: teardown should succeed when HEAD is on origin'
+690: '[' 0 = 0 ']'
+874: grep -q REFUSED /private/var/folders/zk/8g327wwn58x475n0vfwjlkph0000gn/T/fm-teardown-tests.VLaZgt/nm-origin/stderr
+875: grep -F 'blockers are gone and date is due' /private/var/folders/zk/8g327wwn58x475n0vfwjlkph0000gn/T/fm-teardown-tests.VLaZgt/nm-origin/stdout
+877: pass 'no-mistakes worktree with HEAD on origin is torn down (no regression)'
+86: printf 'ok - %s\n' 'no-mistakes worktree with HEAD on origin is torn down (no regression)'
ok - no-mistakes worktree with HEAD on origin is torn down (no regression)
+3750: test_no_mistakes_truly_unpushed_refuses
+881: local case_dir rc
++882: make_case nm-unpushed
++80: local name=nm-unpushed case_dir fakebin
++81: case_dir=/private/var/folders/zk/8g327wwn58x475n0vfwjlkph0000gn/T/fm-teardown-tests.VLaZgt/nm-unpushed
++82: fakebin=/private/var/folders/zk/8g327wwn58x475n0vfwjlkph0000gn/T/fm-teardown-tests.VLaZgt/nm-unpushed/fakebin
++83: mkdir -p /private/var/folders/zk/8g327wwn58x475n0vfwjlkph0000gn/T/fm-teardown-tests.VLaZgt/nm-unpushed/state /private/var/folders/zk/8g327wwn58x475n0vfwjlkph0000gn/T/fm-teardown-tests.VLaZgt/nm-unpushed/config /private/var/folders/zk/8g327wwn58x475n0vfwjlkph0000gn/T/fm-teardown-tests.VLaZgt/nm-unpushed/data /private/var/folders/zk/8g327wwn58x475n0vfwjlkph0000gn/T/fm-teardown-tests.VLaZgt/nm-unpushed/fakebin
++87: cat
++92: cat
++101: cat
++109: cat
++129: cat
++168: chmod +x /private/var/folders/zk/8g327wwn58x475n0vfwjlkph0000gn/T/fm-teardown-tests.VLaZgt/nm-unpushed/fakebin/treehouse /private/var/folders/zk/8g327wwn58x475n0vfwjlkph0000gn/T/fm-teardown-tests.VLaZgt/nm-unpushed/fakebin/tmux /private/var/folders/zk/8g327wwn58x475n0vfwjlkph0000gn/T/fm-teardown-tests.VLaZgt/nm-unpushed/fakebin/gh-axi /private/var/folders/zk/8g327wwn58x475n0vfwjlkph0000gn/T/fm-teardown-tests.VLaZgt/nm-unpushed/fakebin/gh /private/var/folders/zk/8g327wwn58x475n0vfwjlkph0000gn/T/fm-teardown-tests.VLaZgt/nm-unpushed/fakebin/no-mistakes
++171: git init -q --bare /private/var/folders/zk/8g327wwn58x475n0vfwjlkph0000gn/T/fm-teardown-tests.VLaZgt/nm-unpushed/origin.git
++172: git -C /private/var/folders/zk/8g327wwn58x475n0vfwjlkph0000gn/T/fm-teardown-tests.VLaZgt/nm-unpushed/origin.git symbolic-ref HEAD refs/heads/main
++174: git clone -q /private/var/folders/zk/8g327wwn58x475n0vfwjlkph0000gn/T/fm-teardown-tests.VLaZgt/nm-unpushed/origin.git /private/var/folders/zk/8g327wwn58x475n0vfwjlkph0000gn/T/fm-teardown-tests.VLaZgt/nm-unpushed/_seed
++175: git -C /private/var/folders/zk/8g327wwn58x475n0vfwjlkph0000gn/T/fm-teardown-tests.VLaZgt/nm-unpushed/_seed -c user.email=t@t -c user.name=t commit -q --allow-empty -m 'origin baseline'
++177: git -C /private/var/folders/zk/8g327wwn58x475n0vfwjlkph0000gn/T/fm-teardown-tests.VLaZgt/nm-unpushed/_seed push -q origin main
++178: rm -rf /private/var/folders/zk/8g327wwn58x475n0vfwjlkph0000gn/T/fm-teardown-tests.VLaZgt/nm-unpushed/_seed
++180: git clone -q /private/var/folders/zk/8g327wwn58x475n0vfwjlkph0000gn/T/fm-teardown-tests.VLaZgt/nm-unpushed/origin.git /private/var/folders/zk/8g327wwn58x475n0vfwjlkph0000gn/T/fm-teardown-tests.VLaZgt/nm-unpushed/project
++181: git -C /private/var/folders/zk/8g327wwn58x475n0vfwjlkph0000gn/T/fm-teardown-tests.VLaZgt/nm-unpushed/project remote set-head origin main
++183: git -C /private/var/folders/zk/8g327wwn58x475n0vfwjlkph0000gn/T/fm-teardown-tests.VLaZgt/nm-unpushed/project worktree add -q -b fm/task-x1 /private/var/folders/zk/8g327wwn58x475n0vfwjlkph0000gn/T/fm-teardown-tests.VLaZgt/nm-unpushed/wt main
++186: touch /private/var/folders/zk/8g327wwn58x475n0vfwjlkph0000gn/T/fm-teardown-tests.VLaZgt/nm-unpushed/state/.last-watcher-beat
++188: printf '%s\n' /private/var/folders/zk/8g327wwn58x475n0vfwjlkph0000gn/T/fm-teardown-tests.VLaZgt/nm-unpushed
+882: case_dir=/private/var/folders/zk/8g327wwn58x475n0vfwjlkph0000gn/T/fm-teardown-tests.VLaZgt/nm-unpushed
+883: write_meta /private/var/folders/zk/8g327wwn58x475n0vfwjlkph0000gn/T/fm-teardown-tests.VLaZgt/nm-unpushed no-mistakes ship
+193: local case_dir=/private/var/folders/zk/8g327wwn58x475n0vfwjlkph0000gn/T/fm-teardown-tests.VLaZgt/nm-unpushed mode=no-mistakes kind=ship
+194: fm_write_meta /private/var/folders/zk/8g327wwn58x475n0vfwjlkph0000gn/T/fm-teardown-tests.VLaZgt/nm-unpushed/state/task-x1.meta window=firstmate:fm-task-x1 endpoint_task_id=task-x1 worktree=/private/var/folders/zk/8g327wwn58x475n0vfwjlkph0000gn/T/fm-teardown-tests.VLaZgt/nm-unpushed/wt project=/private/var/folders/zk/8g327wwn58x475n0vfwjlkph0000gn/T/fm-teardown-tests.VLaZgt/nm-unpushed/project kind=ship mode=no-mistakes spawn_gen=teardown-test-task-x1
+630: local file=/private/var/folders/zk/8g327wwn58x475n0vfwjlkph0000gn/T/fm-teardown-tests.VLaZgt/nm-unpushed/state/task-x1.meta kv
+631: shift
+632: :
+633: for kv in '"$@"'
+634: printf '%s\n' window=firstmate:fm-task-x1
+633: for kv in '"$@"'
+634: printf '%s\n' endpoint_task_id=task-x1
+633: for kv in '"$@"'
+634: printf '%s\n' worktree=/private/var/folders/zk/8g327wwn58x475n0vfwjlkph0000gn/T/fm-teardown-tests.VLaZgt/nm-unpushed/wt
+633: for kv in '"$@"'
+634: printf '%s\n' project=/private/var/folders/zk/8g327wwn58x475n0vfwjlkph0000gn/T/fm-teardown-tests.VLaZgt/nm-unpushed/project
+633: for kv in '"$@"'
+634: printf '%s\n' kind=ship
+633: for kv in '"$@"'
+634: printf '%s\n' mode=no-mistakes
+633: for kv in '"$@"'
+634: printf '%s\n' spawn_gen=teardown-test-task-x1
+886: wt_commit_file /private/var/folders/zk/8g327wwn58x475n0vfwjlkph0000gn/T/fm-teardown-tests.VLaZgt/nm-unpushed feature.txt hello 'unpushed work'
+228: local case_dir=/private/var/folders/zk/8g327wwn58x475n0vfwjlkph0000gn/T/fm-teardown-tests.VLaZgt/nm-unpushed file=feature.txt content=hello 'msg=unpushed work'
+229: printf '%s\n' hello
+230: git -C /private/var/folders/zk/8g327wwn58x475n0vfwjlkph0000gn/T/fm-teardown-tests.VLaZgt/nm-unpushed/wt add -- feature.txt
+231: git -C /private/var/folders/zk/8g327wwn58x475n0vfwjlkph0000gn/T/fm-teardown-tests.VLaZgt/nm-unpushed/wt -c user.email=t@t -c user.name=t commit -q -m 'unpushed work'
+888: set +e
+889: run_teardown /private/var/folders/zk/8g327wwn58x475n0vfwjlkph0000gn/T/fm-teardown-tests.VLaZgt/nm-unpushed
+890: rc=1
+891: set -e
+893: expect_code 1 1 'nm-unpushed: teardown should refuse'
+689: local expected=1 actual=1 'label=nm-unpushed: teardown should refuse'
+690: '[' 1 = 1 ']'
+894: grep -q REFUSED /private/var/folders/zk/8g327wwn58x475n0vfwjlkph0000gn/T/fm-teardown-tests.VLaZgt/nm-unpushed/stderr
+895: pass 'no-mistakes worktree with genuinely unlanded work is refused (safety preserved)'
+86: printf 'ok - %s\n' 'no-mistakes worktree with genuinely unlanded work is refused (safety preserved)'
ok - no-mistakes worktree with genuinely unlanded work is refused (safety preserved)
+3751: test_local_only_force_overrides_unpushed
+1874: local case_dir rc
++1875: make_case force-override
++80: local name=force-override case_dir fakebin
++81: case_dir=/private/var/folders/zk/8g327wwn58x475n0vfwjlkph0000gn/T/fm-teardown-tests.VLaZgt/force-override
++82: fakebin=/private/var/folders/zk/8g327wwn58x475n0vfwjlkph0000gn/T/fm-teardown-tests.VLaZgt/force-override/fakebin
++83: mkdir -p /private/var/folders/zk/8g327wwn58x475n0vfwjlkph0000gn/T/fm-teardown-tests.VLaZgt/force-override/state /private/var/folders/zk/8g327wwn58x475n0vfwjlkph0000gn/T/fm-teardown-tests.VLaZgt/force-override/config /private/var/folders/zk/8g327wwn58x475n0vfwjlkph0000gn/T/fm-teardown-tests.VLaZgt/force-override/data /private/var/folders/zk/8g327wwn58x475n0vfwjlkph0000gn/T/fm-teardown-tests.VLaZgt/force-override/fakebin
++87: cat
++92: cat
++101: cat
++109: cat
++129: cat
++168: chmod +x /private/var/folders/zk/8g327wwn58x475n0vfwjlkph0000gn/T/fm-teardown-tests.VLaZgt/force-override/fakebin/treehouse /private/var/folders/zk/8g327wwn58x475n0vfwjlkph0000gn/T/fm-teardown-tests.VLaZgt/force-override/fakebin/tmux /private/var/folders/zk/8g327wwn58x475n0vfwjlkph0000gn/T/fm-teardown-tests.VLaZgt/force-override/fakebin/gh-axi /private/var/folders/zk/8g327wwn58x475n0vfwjlkph0000gn/T/fm-teardown-tests.VLaZgt/force-override/fakebin/gh /private/var/folders/zk/8g327wwn58x475n0vfwjlkph0000gn/T/fm-teardown-tests.VLaZgt/force-override/fakebin/no-mistakes
++171: git init -q --bare /private/var/folders/zk/8g327wwn58x475n0vfwjlkph0000gn/T/fm-teardown-tests.VLaZgt/force-override/origin.git
++172: git -C /private/var/folders/zk/8g327wwn58x475n0vfwjlkph0000gn/T/fm-teardown-tests.VLaZgt/force-override/origin.git symbolic-ref HEAD refs/heads/main
++174: git clone -q /private/var/folders/zk/8g327wwn58x475n0vfwjlkph0000gn/T/fm-teardown-tests.VLaZgt/force-override/origin.git /private/var/folders/zk/8g327wwn58x475n0vfwjlkph0000gn/T/fm-teardown-tests.VLaZgt/force-override/_seed
++175: git -C /private/var/folders/zk/8g327wwn58x475n0vfwjlkph0000gn/T/fm-teardown-tests.VLaZgt/force-override/_seed -c user.email=t@t -c user.name=t commit -q --allow-empty -m 'origin baseline'
++177: git -C /private/var/folders/zk/8g327wwn58x475n0vfwjlkph0000gn/T/fm-teardown-tests.VLaZgt/force-override/_seed push -q origin main
++178: rm -rf /private/var/folders/zk/8g327wwn58x475n0vfwjlkph0000gn/T/fm-teardown-tests.VLaZgt/force-override/_seed
++180: git clone -q /private/var/folders/zk/8g327wwn58x475n0vfwjlkph0000gn/T/fm-teardown-tests.VLaZgt/force-override/origin.git /private/var/folders/zk/8g327wwn58x475n0vfwjlkph0000gn/T/fm-teardown-tests.VLaZgt/force-override/project
++181: git -C /private/var/folders/zk/8g327wwn58x475n0vfwjlkph0000gn/T/fm-teardown-tests.VLaZgt/force-override/project remote set-head origin main
++183: git -C /private/var/folders/zk/8g327wwn58x475n0vfwjlkph0000gn/T/fm-teardown-tests.VLaZgt/force-override/project worktree add -q -b fm/task-x1 /private/var/folders/zk/8g327wwn58x475n0vfwjlkph0000gn/T/fm-teardown-tests.VLaZgt/force-override/wt main
++186: touch /private/var/folders/zk/8g327wwn58x475n0vfwjlkph0000gn/T/fm-teardown-tests.VLaZgt/force-override/state/.last-watcher-beat
++188: printf '%s\n' /private/var/folders/zk/8g327wwn58x475n0vfwjlkph0000gn/T/fm-teardown-tests.VLaZgt/force-override
+1875: case_dir=/private/var/folders/zk/8g327wwn58x475n0vfwjlkph0000gn/T/fm-teardown-tests.VLaZgt/force-override
+1876: write_meta /private/var/folders/zk/8g327wwn58x475n0vfwjlkph0000gn/T/fm-teardown-tests.VLaZgt/force-override local-only ship
+193: local case_dir=/private/var/folders/zk/8g327wwn58x475n0vfwjlkph0000gn/T/fm-teardown-tests.VLaZgt/force-override mode=local-only kind=ship
+194: fm_write_meta /private/var/folders/zk/8g327wwn58x475n0vfwjlkph0000gn/T/fm-teardown-tests.VLaZgt/force-override/state/task-x1.meta window=firstmate:fm-task-x1 endpoint_task_id=task-x1 worktree=/private/var/folders/zk/8g327wwn58x475n0vfwjlkph0000gn/T/fm-teardown-tests.VLaZgt/force-override/wt project=/private/var/folders/zk/8g327wwn58x475n0vfwjlkph0000gn/T/fm-teardown-tests.VLaZgt/force-override/project kind=ship mode=local-only spawn_gen=teardown-test-task-x1
+630: local file=/private/var/folders/zk/8g327wwn58x475n0vfwjlkph0000gn/T/fm-teardown-tests.VLaZgt/force-override/state/task-x1.meta kv
+631: shift
+632: :
+633: for kv in '"$@"'
+634: printf '%s\n' window=firstmate:fm-task-x1
+633: for kv in '"$@"'
+634: printf '%s\n' endpoint_task_id=task-x1
+633: for kv in '"$@"'
+634: printf '%s\n' worktree=/private/var/folders/zk/8g327wwn58x475n0vfwjlkph0000gn/T/fm-teardown-tests.VLaZgt/force-override/wt
+633: for kv in '"$@"'
+634: printf '%s\n' project=/private/var/folders/zk/8g327wwn58x475n0vfwjlkph0000gn/T/fm-teardown-tests.VLaZgt/force-override/project
+633: for kv in '"$@"'
+634: printf '%s\n' kind=ship
+633: for kv in '"$@"'
+634: printf '%s\n' mode=local-only
+633: for kv in '"$@"'
+634: printf '%s\n' spawn_gen=teardown-test-task-x1
+1877: wt_commit /private/var/folders/zk/8g327wwn58x475n0vfwjlkph0000gn/T/fm-teardown-tests.VLaZgt/force-override 'unpushed work'
+206: local case_dir=/private/var/folders/zk/8g327wwn58x475n0vfwjlkph0000gn/T/fm-teardown-tests.VLaZgt/force-override 'msg=unpushed work'
+207: git -C /private/var/folders/zk/8g327wwn58x475n0vfwjlkph0000gn/T/fm-teardown-tests.VLaZgt/force-override/wt -c user.email=t@t -c user.name=t commit -q --allow-empty -m 'unpushed work'
+1879: set +e
+1880: run_teardown /private/var/folders/zk/8g327wwn58x475n0vfwjlkph0000gn/T/fm-teardown-tests.VLaZgt/force-override --force
+1881: rc=0
+1882: set -e
+1884: expect_code 0 0 'force-override: --force should bypass the unpushed-work check'
+689: local expected=0 actual=0 'label=force-override: --force should bypass the unpushed-work check'
+690: '[' 0 = 0 ']'
+1885: grep -q REFUSED /private/var/folders/zk/8g327wwn58x475n0vfwjlkph0000gn/T/fm-teardown-tests.VLaZgt/force-override/stderr
+1886: pass 'local-only worktree with unpushed work is torn down under --force (escape hatch)'
+86: printf 'ok - %s\n' 'local-only worktree with unpushed work is torn down under --force (escape hatch)'
ok - local-only worktree with unpushed work is torn down under --force (escape hatch)
+3752: test_secondmate_pr_registration_publishes_ready_line
+1913: local case_dir pr_head channel url
+1914: url=https://github.com/example/repo/pull/7
++1915: make_case mate-pr-ready
++80: local name=mate-pr-ready case_dir fakebin
++81: case_dir=/private/var/folders/zk/8g327wwn58x475n0vfwjlkph0000gn/T/fm-teardown-tests.VLaZgt/mate-pr-ready
++82: fakebin=/private/var/folders/zk/8g327wwn58x475n0vfwjlkph0000gn/T/fm-teardown-tests.VLaZgt/mate-pr-ready/fakebin
++83: mkdir -p /private/var/folders/zk/8g327wwn58x475n0vfwjlkph0000gn/T/fm-teardown-tests.VLaZgt/mate-pr-ready/state /private/var/folders/zk/8g327wwn58x475n0vfwjlkph0000gn/T/fm-teardown-tests.VLaZgt/mate-pr-ready/config /private/var/folders/zk/8g327wwn58x475n0vfwjlkph0000gn/T/fm-teardown-tests.VLaZgt/mate-pr-ready/data /private/var/folders/zk/8g327wwn58x475n0vfwjlkph0000gn/T/fm-teardown-tests.VLaZgt/mate-pr-ready/fakebin
++87: cat
++92: cat
++101: cat
++109: cat
++129: cat
++168: chmod +x /private/var/folders/zk/8g327wwn58x475n0vfwjlkph0000gn/T/fm-teardown-tests.VLaZgt/mate-pr-ready/fakebin/treehouse /private/var/folders/zk/8g327wwn58x475n0vfwjlkph0000gn/T/fm-teardown-tests.VLaZgt/mate-pr-ready/fakebin/tmux /private/var/folders/zk/8g327wwn58x475n0vfwjlkph0000gn/T/fm-teardown-tests.VLaZgt/mate-pr-ready/fakebin/gh-axi /private/var/folders/zk/8g327wwn58x475n0vfwjlkph0000gn/T/fm-teardown-tests.VLaZgt/mate-pr-ready/fakebin/gh /private/var/folders/zk/8g327wwn58x475n0vfwjlkph0000gn/T/fm-teardown-tests.VLaZgt/mate-pr-ready/fakebin/no-mistakes
++171: git init -q --bare /private/var/folders/zk/8g327wwn58x475n0vfwjlkph0000gn/T/fm-teardown-tests.VLaZgt/mate-pr-ready/origin.git
++172: git -C /private/var/folders/zk/8g327wwn58x475n0vfwjlkph0000gn/T/fm-teardown-tests.VLaZgt/mate-pr-ready/origin.git symbolic-ref HEAD refs/heads/main
++174: git clone -q /private/var/folders/zk/8g327wwn58x475n0vfwjlkph0000gn/T/fm-teardown-tests.VLaZgt/mate-pr-ready/origin.git /private/var/folders/zk/8g327wwn58x475n0vfwjlkph0000gn/T/fm-teardown-tests.VLaZgt/mate-pr-ready/_seed
++175: git -C /private/var/folders/zk/8g327wwn58x475n0vfwjlkph0000gn/T/fm-teardown-tests.VLaZgt/mate-pr-ready/_seed -c user.email=t@t -c user.name=t commit -q --allow-empty -m 'origin baseline'
++177: git -C /private/var/folders/zk/8g327wwn58x475n0vfwjlkph0000gn/T/fm-teardown-tests.VLaZgt/mate-pr-ready/_seed push -q origin main
++178: rm -rf /private/var/folders/zk/8g327wwn58x475n0vfwjlkph0000gn/T/fm-teardown-tests.VLaZgt/mate-pr-ready/_seed
++180: git clone -q /private/var/folders/zk/8g327wwn58x475n0vfwjlkph0000gn/T/fm-teardown-tests.VLaZgt/mate-pr-ready/origin.git /private/var/folders/zk/8g327wwn58x475n0vfwjlkph0000gn/T/fm-teardown-tests.VLaZgt/mate-pr-ready/project
++181: git -C /private/var/folders/zk/8g327wwn58x475n0vfwjlkph0000gn/T/fm-teardown-tests.VLaZgt/mate-pr-ready/project remote set-head origin main
++183: git -C /private/var/folders/zk/8g327wwn58x475n0vfwjlkph0000gn/T/fm-teardown-tests.VLaZgt/mate-pr-ready/project worktree add -q -b fm/task-x1 /private/var/folders/zk/8g327wwn58x475n0vfwjlkph0000gn/T/fm-teardown-tests.VLaZgt/mate-pr-ready/wt main
++186: touch /private/var/folders/zk/8g327wwn58x475n0vfwjlkph0000gn/T/fm-teardown-tests.VLaZgt/mate-pr-ready/state/.last-watcher-beat
++188: printf '%s\n' /private/var/folders/zk/8g327wwn58x475n0vfwjlkph0000gn/T/fm-teardown-tests.VLaZgt/mate-pr-ready
+1915: case_dir=/private/var/folders/zk/8g327wwn58x475n0vfwjlkph0000gn/T/fm-teardown-tests.VLaZgt/mate-pr-ready
+1916: configure_secondmate_home /private/var/folders/zk/8g327wwn58x475n0vfwjlkph0000gn/T/fm-teardown-tests.VLaZgt/mate-pr-ready local /private/var/folders/zk/8g327wwn58x475n0vfwjlkph0000gn/T/fm-teardown-tests.VLaZgt/mate-pr-ready/parent
+1893: local case_dir=/private/var/folders/zk/8g327wwn58x475n0vfwjlkph0000gn/T/fm-teardown-tests.VLaZgt/mate-pr-ready route=local parent=/private/var/folders/zk/8g327wwn58x475n0vfwjlkph0000gn/T/fm-teardown-tests.VLaZgt/mate-pr-ready/parent home=/private/var/folders/zk/8g327wwn58x475n0vfwjlkph0000gn/T/fm-teardown-tests.VLaZgt/mate-pr-ready/home
+1894: mkdir -p /private/var/folders/zk/8g327wwn58x475n0vfwjlkph0000gn/T/fm-teardown-tests.VLaZgt/mate-pr-ready/home
+1895: printf 'mate-x\n'
+1897: printf 'schema=fm-secondmate-parent.v1\nroute=%s\n' local
+1898: '[' local '!=' local ']'
+1898: printf 'parent_home=%s\n' /private/var/folders/zk/8g327wwn58x475n0vfwjlkph0000gn/T/fm-teardown-tests.VLaZgt/mate-pr-ready/parent
+1900: '[' local = local ']'
+1902: mkdir -p /private/var/folders/zk/8g327wwn58x475n0vfwjlkph0000gn/T/fm-teardown-tests.VLaZgt/mate-pr-ready/parent/state /private/var/folders/zk/8g327wwn58x475n0vfwjlkph0000gn/T/fm-teardown-tests.VLaZgt/mate-pr-ready/parent/data
+1903: fm_write_secondmate_meta /private/var/folders/zk/8g327wwn58x475n0vfwjlkph0000gn/T/fm-teardown-tests.VLaZgt/mate-pr-ready/parent/state/mate-x.meta /private/var/folders/zk/8g327wwn58x475n0vfwjlkph0000gn/T/fm-teardown-tests.VLaZgt/mate-pr-ready/home
+643: local file=/private/var/folders/zk/8g327wwn58x475n0vfwjlkph0000gn/T/fm-teardown-tests.VLaZgt/mate-pr-ready/parent/state/mate-x.meta home=/private/var/folders/zk/8g327wwn58x475n0vfwjlkph0000gn/T/fm-teardown-tests.VLaZgt/mate-pr-ready/home id window projects=alpha harness=echo
++644: basename /private/var/folders/zk/8g327wwn58x475n0vfwjlkph0000gn/T/fm-teardown-tests.VLaZgt/mate-pr-ready/parent/state/mate-x.meta .meta
+644: id=mate-x
+645: window=firstmate:fm-mate-x
+646: fm_write_meta /private/var/folders/zk/8g327wwn58x475n0vfwjlkph0000gn/T/fm-teardown-tests.VLaZgt/mate-pr-ready/parent/state/mate-x.meta window=firstmate:fm-mate-x endpoint_task_id=mate-x worktree=/private/var/folders/zk/8g327wwn58x475n0vfwjlkph0000gn/T/fm-teardown-tests.VLaZgt/mate-pr-ready/home project=/private/var/folders/zk/8g327wwn58x475n0vfwjlkph0000gn/T/fm-teardown-tests.VLaZgt/mate-pr-ready/home harness=echo kind=secondmate mode=secondmate yolo=off home=/private/var/folders/zk/8g327wwn58x475n0vfwjlkph0000gn/T/fm-teardown-tests.VLaZgt/mate-pr-ready/home projects=alpha
+630: local file=/private/var/folders/zk/8g327wwn58x475n0vfwjlkph0000gn/T/fm-teardown-tests.VLaZgt/mate-pr-ready/parent/state/mate-x.meta kv
+631: shift
+632: :
+633: for kv in '"$@"'
+634: printf '%s\n' window=firstmate:fm-mate-x
+633: for kv in '"$@"'
+634: printf '%s\n' endpoint_task_id=mate-x
+633: for kv in '"$@"'
+634: printf '%s\n' worktree=/private/var/folders/zk/8g327wwn58x475n0vfwjlkph0000gn/T/fm-teardown-tests.VLaZgt/mate-pr-ready/home
+633: for kv in '"$@"'
+634: printf '%s\n' project=/private/var/folders/zk/8g327wwn58x475n0vfwjlkph0000gn/T/fm-teardown-tests.VLaZgt/mate-pr-ready/home
+633: for kv in '"$@"'
+634: printf '%s\n' harness=echo
+633: for kv in '"$@"'
+634: printf '%s\n' kind=secondmate
+633: for kv in '"$@"'
+634: printf '%s\n' mode=secondmate
+633: for kv in '"$@"'
+634: printf '%s\n' yolo=off
+633: for kv in '"$@"'
+634: printf '%s\n' home=/private/var/folders/zk/8g327wwn58x475n0vfwjlkph0000gn/T/fm-teardown-tests.VLaZgt/mate-pr-ready/home
+633: for kv in '"$@"'
+634: printf '%s\n' projects=alpha
+1904: printf -- '- mate-x - fixture scope (home: %s; scope: fixture; projects: alpha; added 2026-07-14)\n' /private/var/folders/zk/8g327wwn58x475n0vfwjlkph0000gn/T/fm-teardown-tests.VLaZgt/mate-pr-ready/home
+1917: mkdir -p /private/var/folders/zk/8g327wwn58x475n0vfwjlkph0000gn/T/fm-teardown-tests.VLaZgt/mate-pr-ready/parent/state
+1918: channel=/private/var/folders/zk/8g327wwn58x475n0vfwjlkph0000gn/T/fm-teardown-tests.VLaZgt/mate-pr-ready/parent/state/mate-x.status
+1919: write_meta /private/var/folders/zk/8g327wwn58x475n0vfwjlkph0000gn/T/fm-teardown-tests.VLaZgt/mate-pr-ready no-mistakes ship
+193: local case_dir=/private/var/folders/zk/8g327wwn58x475n0vfwjlkph0000gn/T/fm-teardown-tests.VLaZgt/mate-pr-ready mode=no-mistakes kind=ship
+194: fm_write_meta /private/var/folders/zk/8g327wwn58x475n0vfwjlkph0000gn/T/fm-teardown-tests.VLaZgt/mate-pr-ready/state/task-x1.meta window=firstmate:fm-task-x1 endpoint_task_id=task-x1 worktree=/private/var/folders/zk/8g327wwn58x475n0vfwjlkph0000gn/T/fm-teardown-tests.VLaZgt/mate-pr-ready/wt project=/private/var/folders/zk/8g327wwn58x475n0vfwjlkph0000gn/T/fm-teardown-tests.VLaZgt/mate-pr-ready/project kind=ship mode=no-mistakes spawn_gen=teardown-test-task-x1
+630: local file=/private/var/folders/zk/8g327wwn58x475n0vfwjlkph0000gn/T/fm-teardown-tests.VLaZgt/mate-pr-ready/state/task-x1.meta kv
+631: shift
+632: :
+633: for kv in '"$@"'
+634: printf '%s\n' window=firstmate:fm-task-x1
+633: for kv in '"$@"'
+634: printf '%s\n' endpoint_task_id=task-x1
+633: for kv in '"$@"'
+634: printf '%s\n' worktree=/private/var/folders/zk/8g327wwn58x475n0vfwjlkph0000gn/T/fm-teardown-tests.VLaZgt/mate-pr-ready/wt
+633: for kv in '"$@"'
+634: printf '%s\n' project=/private/var/folders/zk/8g327wwn58x475n0vfwjlkph0000gn/T/fm-teardown-tests.VLaZgt/mate-pr-ready/project
+633: for kv in '"$@"'
+634: printf '%s\n' kind=ship
+633: for kv in '"$@"'
+634: printf '%s\n' mode=no-mistakes
+633: for kv in '"$@"'
+634: printf '%s\n' spawn_gen=teardown-test-task-x1
+1920: wt_commit_file /private/var/folders/zk/8g327wwn58x475n0vfwjlkph0000gn/T/fm-teardown-tests.VLaZgt/mate-pr-ready feature.txt hello 'add feature'
+228: local case_dir=/private/var/folders/zk/8g327wwn58x475n0vfwjlkph0000gn/T/fm-teardown-tests.VLaZgt/mate-pr-ready file=feature.txt content=hello 'msg=add feature'
+229: printf '%s\n' hello
+230: git -C /private/var/folders/zk/8g327wwn58x475n0vfwjlkph0000gn/T/fm-teardown-tests.VLaZgt/mate-pr-ready/wt add -- feature.txt
+231: git -C /private/var/folders/zk/8g327wwn58x475n0vfwjlkph0000gn/T/fm-teardown-tests.VLaZgt/mate-pr-ready/wt -c user.email=t@t -c user.name=t commit -q -m 'add feature'
++1921: git -C /private/var/folders/zk/8g327wwn58x475n0vfwjlkph0000gn/T/fm-teardown-tests.VLaZgt/mate-pr-ready/wt rev-parse HEAD
+1921: pr_head=879299ccc7aa8e6bfbf1011d223e0849e66d7526
+1922: add_gh_pr_merged_for_head /private/var/folders/zk/8g327wwn58x475n0vfwjlkph0000gn/T/fm-teardown-tests.VLaZgt/mate-pr-ready 879299ccc7aa8e6bfbf1011d223e0849e66d7526
+251: local case_dir=/private/var/folders/zk/8g327wwn58x475n0vfwjlkph0000gn/T/fm-teardown-tests.VLaZgt/mate-pr-ready head=879299ccc7aa8e6bfbf1011d223e0849e66d7526
+252: cat
+262: cat
+275: chmod +x /private/var/folders/zk/8g327wwn58x475n0vfwjlkph0000gn/T/fm-teardown-tests.VLaZgt/mate-pr-ready/fakebin/gh-axi /private/var/folders/zk/8g327wwn58x475n0vfwjlkph0000gn/T/fm-teardown-tests.VLaZgt/mate-pr-ready/fakebin/gh
+1924: FM_HOME=/private/var/folders/zk/8g327wwn58x475n0vfwjlkph0000gn/T/fm-teardown-tests.VLaZgt/mate-pr-ready/home
+1924: FM_ROOT_OVERRIDE=/Users/bastotecnologia/.no-mistakes/worktrees/5a1fd3284f12/01M34QFFNA8GHX8N66YZVVJXKG
+1924: FM_STATE_OVERRIDE=/private/var/folders/zk/8g327wwn58x475n0vfwjlkph0000gn/T/fm-teardown-tests.VLaZgt/mate-pr-ready/state
+1924: PATH='/private/var/folders/zk/8g327wwn58x475n0vfwjlkph0000gn/T/fm-teardown-tests.VLaZgt/mate-pr-ready/fakebin:/Users/bastotecnologia/.pi/agent/bin:/Users/bastotecnologia/.local/bin:/opt/homebrew/share/google-cloud-sdk/bin:/Users/bastotecnologia/bin:/Users/bastotecnologia/.pyenv/shims:/usr/local/share/google-cloud-sdk/bin:/Users/bastotecnologia/.bun/bin:/Users/bastotecnologia/dotfiles/bin:/Users/bastotecnologia/.local/bin:/Users/bastotecnologia/.platformio/penv/bin:/Users/bastotecnologia/Library/Android/sdk/platform-tools:/Library/Java/JavaVirtualMachines/temurin-21.jdk/Contents/Home/bin:/Users/bastotecnologia/.antigravity/antigravity/bin:/Users/bastotecnologia/.opencode/bin:/Users/bastotecnologia/.openfang/bin:/Users/bastotecnologia/Library/Application Support/carapace/bin:/Users/bastotecnologia/.nvm/versions/node/v22.22.0/bin:/usr/local/bin:/System/Cryptexes/App/usr/bin:/usr/bin:/bin:/usr/sbin:/sbin:/var/run/com.apple.security.cryptexd/codex.system/bootstrap/usr/local/bin:/var/run/com.apple.security.cryptexd/codex.system/bootstrap/usr/bin:/var/run/com.apple.security.cryptexd/codex.system/bootstrap/usr/appleinternal/bin:/pkg/env/global/bin:/opt/X11/bin:/Library/Apple/usr/bin:/usr/local/share/dotnet:~/.dotnet/tools:/Users/bastotecnologia/.wasmedge/bin:/Users/bastotecnologia/go/bin:/Users/bastotecnologia/.cargo/bin:/Users/bastotecnologia/bin:/usr/local/sbin:/Users/bastotecnologia/.orbstack/bin:/opt/homebrew/bin:/opt/homebrew/sbin:/opt/homebrew/opt/qt@5/bin:/opt/homebrew/opt/mysql-client/bin:/opt/homebrew/opt/riscv-openocd/bin:/opt/homebrew/Cellar/riscv-gnu-toolchain/main/bin'
+1924: /Users/bastotecnologia/.no-mistakes/worktrees/5a1fd3284f12/01M34QFFNA8GHX8N66YZVVJXKG/bin/fm-pr-check.sh task-x1 https://github.com/example/repo/pull/7
+1927: grep -q '^armed:' /private/var/folders/zk/8g327wwn58x475n0vfwjlkph0000gn/T/fm-teardown-tests.VLaZgt/mate-pr-ready/pr-check.out
+1928: assert_grep 'done [key=child-pr-task-x1]: child task-x1 PR ready: https://github.com/example/repo/pull/7 mode=no-mistakes' /private/var/folders/zk/8g327wwn58x475n0vfwjlkph0000gn/T/fm-teardown-tests.VLaZgt/mate-pr-ready/parent/state/mate-x.status 'mate-pr-ready: the ready line did not reach the parent channel'
+696: grep -F -- 'done [key=child-pr-task-x1]: child task-x1 PR ready: https://github.com/example/repo/pull/7 mode=no-mistakes' /private/var/folders/zk/8g327wwn58x475n0vfwjlkph0000gn/T/fm-teardown-tests.VLaZgt/mate-pr-ready/parent/state/mate-x.status
+1930: grep -q '^actionable:' /private/var/folders/zk/8g327wwn58x475n0vfwjlkph0000gn/T/fm-teardown-tests.VLaZgt/mate-pr-ready/pr-check.err
+1932: FM_HOME=/private/var/folders/zk/8g327wwn58x475n0vfwjlkph0000gn/T/fm-teardown-tests.VLaZgt/mate-pr-ready/home
+1932: FM_ROOT_OVERRIDE=/Users/bastotecnologia/.no-mistakes/worktrees/5a1fd3284f12/01M34QFFNA8GHX8N66YZVVJXKG
+1932: FM_STATE_OVERRIDE=/private/var/folders/zk/8g327wwn58x475n0vfwjlkph0000gn/T/fm-teardown-tests.VLaZgt/mate-pr-ready/state
+1932: PATH='/private/var/folders/zk/8g327wwn58x475n0vfwjlkph0000gn/T/fm-teardown-tests.VLaZgt/mate-pr-ready/fakebin:/Users/bastotecnologia/.pi/agent/bin:/Users/bastotecnologia/.local/bin:/opt/homebrew/share/google-cloud-sdk/bin:/Users/bastotecnologia/bin:/Users/bastotecnologia/.pyenv/shims:/usr/local/share/google-cloud-sdk/bin:/Users/bastotecnologia/.bun/bin:/Users/bastotecnologia/dotfiles/bin:/Users/bastotecnologia/.local/bin:/Users/bastotecnologia/.platformio/penv/bin:/Users/bastotecnologia/Library/Android/sdk/platform-tools:/Library/Java/JavaVirtualMachines/temurin-21.jdk/Contents/Home/bin:/Users/bastotecnologia/.antigravity/antigravity/bin:/Users/bastotecnologia/.opencode/bin:/Users/bastotecnologia/.openfang/bin:/Users/bastotecnologia/Library/Application Support/carapace/bin:/Users/bastotecnologia/.nvm/versions/node/v22.22.0/bin:/usr/local/bin:/System/Cryptexes/App/usr/bin:/usr/bin:/bin:/usr/sbin:/sbin:/var/run/com.apple.security.cryptexd/codex.system/bootstrap/usr/local/bin:/var/run/com.apple.security.cryptexd/codex.system/bootstrap/usr/bin:/var/run/com.apple.security.cryptexd/codex.system/bootstrap/usr/appleinternal/bin:/pkg/env/global/bin:/opt/X11/bin:/Library/Apple/usr/bin:/usr/local/share/dotnet:~/.dotnet/tools:/Users/bastotecnologia/.wasmedge/bin:/Users/bastotecnologia/go/bin:/Users/bastotecnologia/.cargo/bin:/Users/bastotecnologia/bin:/usr/local/sbin:/Users/bastotecnologia/.orbstack/bin:/opt/homebrew/bin:/opt/homebrew/sbin:/opt/homebrew/opt/qt@5/bin:/opt/homebrew/opt/mysql-client/bin:/opt/homebrew/opt/riscv-openocd/bin:/opt/homebrew/Cellar/riscv-gnu-toolchain/main/bin'
+1932: /Users/bastotecnologia/.no-mistakes/worktrees/5a1fd3284f12/01M34QFFNA8GHX8N66YZVVJXKG/bin/fm-pr-check.sh task-x1 https://github.com/example/repo/pull/7
++1935: grep -c child-pr-task-x1 /private/var/folders/zk/8g327wwn58x475n0vfwjlkph0000gn/T/fm-teardown-tests.VLaZgt/mate-pr-ready/parent/state/mate-x.status
+1935: '[' 1 -eq 1 ']'
++1938: make_case main-pr-ready
++80: local name=main-pr-ready case_dir fakebin
++81: case_dir=/private/var/folders/zk/8g327wwn58x475n0vfwjlkph0000gn/T/fm-teardown-tests.VLaZgt/main-pr-ready
++82: fakebin=/private/var/folders/zk/8g327wwn58x475n0vfwjlkph0000gn/T/fm-teardown-tests.VLaZgt/main-pr-ready/fakebin
++83: mkdir -p /private/var/folders/zk/8g327wwn58x475n0vfwjlkph0000gn/T/fm-teardown-tests.VLaZgt/main-pr-ready/state /private/var/folders/zk/8g327wwn58x475n0vfwjlkph0000gn/T/fm-teardown-tests.VLaZgt/main-pr-ready/config /private/var/folders/zk/8g327wwn58x475n0vfwjlkph0000gn/T/fm-teardown-tests.VLaZgt/main-pr-ready/data /private/var/folders/zk/8g327wwn58x475n0vfwjlkph0000gn/T/fm-teardown-tests.VLaZgt/main-pr-ready/fakebin
++87: cat
++92: cat
++101: cat
++109: cat
++129: cat
++168: chmod +x /private/var/folders/zk/8g327wwn58x475n0vfwjlkph0000gn/T/fm-teardown-tests.VLaZgt/main-pr-ready/fakebin/treehouse /private/var/folders/zk/8g327wwn58x475n0vfwjlkph0000gn/T/fm-teardown-tests.VLaZgt/main-pr-ready/fakebin/tmux /private/var/folders/zk/8g327wwn58x475n0vfwjlkph0000gn/T/fm-teardown-tests.VLaZgt/main-pr-ready/fakebin/gh-axi /private/var/folders/zk/8g327wwn58x475n0vfwjlkph0000gn/T/fm-teardown-tests.VLaZgt/main-pr-ready/fakebin/gh /private/var/folders/zk/8g327wwn58x475n0vfwjlkph0000gn/T/fm-teardown-tests.VLaZgt/main-pr-ready/fakebin/no-mistakes
++171: git init -q --bare /private/var/folders/zk/8g327wwn58x475n0vfwjlkph0000gn/T/fm-teardown-tests.VLaZgt/main-pr-ready/origin.git
++172: git -C /private/var/folders/zk/8g327wwn58x475n0vfwjlkph0000gn/T/fm-teardown-tests.VLaZgt/main-pr-ready/origin.git symbolic-ref HEAD refs/heads/main
++174: git clone -q /private/var/folders/zk/8g327wwn58x475n0vfwjlkph0000gn/T/fm-teardown-tests.VLaZgt/main-pr-ready/origin.git /private/var/folders/zk/8g327wwn58x475n0vfwjlkph0000gn/T/fm-teardown-tests.VLaZgt/main-pr-ready/_seed
++175: git -C /private/var/folders/zk/8g327wwn58x475n0vfwjlkph0000gn/T/fm-teardown-tests.VLaZgt/main-pr-ready/_seed -c user.email=t@t -c user.name=t commit -q --allow-empty -m 'origin baseline'
++177: git -C /private/var/folders/zk/8g327wwn58x475n0vfwjlkph0000gn/T/fm-teardown-tests.VLaZgt/main-pr-ready/_seed push -q origin main
++178: rm -rf /private/var/folders/zk/8g327wwn58x475n0vfwjlkph0000gn/T/fm-teardown-tests.VLaZgt/main-pr-ready/_seed
++180: git clone -q /private/var/folders/zk/8g327wwn58x475n0vfwjlkph0000gn/T/fm-teardown-tests.VLaZgt/main-pr-ready/origin.git /private/var/folders/zk/8g327wwn58x475n0vfwjlkph0000gn/T/fm-teardown-tests.VLaZgt/main-pr-ready/project
++181: git -C /private/var/folders/zk/8g327wwn58x475n0vfwjlkph0000gn/T/fm-teardown-tests.VLaZgt/main-pr-ready/project remote set-head origin main
++183: git -C /private/var/folders/zk/8g327wwn58x475n0vfwjlkph0000gn/T/fm-teardown-tests.VLaZgt/main-pr-ready/project worktree add -q -b fm/task-x1 /private/var/folders/zk/8g327wwn58x475n0vfwjlkph0000gn/T/fm-teardown-tests.VLaZgt/main-pr-ready/wt main
++186: touch /private/var/folders/zk/8g327wwn58x475n0vfwjlkph0000gn/T/fm-teardown-tests.VLaZgt/main-pr-ready/state/.last-watcher-beat
++188: printf '%s\n' /private/var/folders/zk/8g327wwn58x475n0vfwjlkph0000gn/T/fm-teardown-tests.VLaZgt/main-pr-ready
+1938: case_dir=/private/var/folders/zk/8g327wwn58x475n0vfwjlkph0000gn/T/fm-teardown-tests.VLaZgt/main-pr-ready
+1939: write_meta /private/var/folders/zk/8g327wwn58x475n0vfwjlkph0000gn/T/fm-teardown-tests.VLaZgt/main-pr-ready no-mistakes ship
+193: local case_dir=/private/var/folders/zk/8g327wwn58x475n0vfwjlkph0000gn/T/fm-teardown-tests.VLaZgt/main-pr-ready mode=no-mistakes kind=ship
+194: fm_write_meta /private/var/folders/zk/8g327wwn58x475n0vfwjlkph0000gn/T/fm-teardown-tests.VLaZgt/main-pr-ready/state/task-x1.meta window=firstmate:fm-task-x1 endpoint_task_id=task-x1 worktree=/private/var/folders/zk/8g327wwn58x475n0vfwjlkph0000gn/T/fm-teardown-tests.VLaZgt/main-pr-ready/wt project=/private/var/folders/zk/8g327wwn58x475n0vfwjlkph0000gn/T/fm-teardown-tests.VLaZgt/main-pr-ready/project kind=ship mode=no-mistakes spawn_gen=teardown-test-task-x1
+630: local file=/private/var/folders/zk/8g327wwn58x475n0vfwjlkph0000gn/T/fm-teardown-tests.VLaZgt/main-pr-ready/state/task-x1.meta kv
+631: shift
+632: :
+633: for kv in '"$@"'
+634: printf '%s\n' window=firstmate:fm-task-x1
+633: for kv in '"$@"'
+634: printf '%s\n' endpoint_task_id=task-x1
+633: for kv in '"$@"'
+634: printf '%s\n' worktree=/private/var/folders/zk/8g327wwn58x475n0vfwjlkph0000gn/T/fm-teardown-tests.VLaZgt/main-pr-ready/wt
+633: for kv in '"$@"'
+634: printf '%s\n' project=/private/var/folders/zk/8g327wwn58x475n0vfwjlkph0000gn/T/fm-teardown-tests.VLaZgt/main-pr-ready/project
+633: for kv in '"$@"'
+634: printf '%s\n' kind=ship
+633: for kv in '"$@"'
+634: printf '%s\n' mode=no-mistakes
+633: for kv in '"$@"'
+634: printf '%s\n' spawn_gen=teardown-test-task-x1
+1940: wt_commit_file /private/var/folders/zk/8g327wwn58x475n0vfwjlkph0000gn/T/fm-teardown-tests.VLaZgt/main-pr-ready feature.txt hello 'add feature'
+228: local case_dir=/private/var/folders/zk/8g327wwn58x475n0vfwjlkph0000gn/T/fm-teardown-tests.VLaZgt/main-pr-ready file=feature.txt content=hello 'msg=add feature'
+229: printf '%s\n' hello
+230: git -C /private/var/folders/zk/8g327wwn58x475n0vfwjlkph0000gn/T/fm-teardown-tests.VLaZgt/main-pr-ready/wt add -- feature.txt
+231: git -C /private/var/folders/zk/8g327wwn58x475n0vfwjlkph0000gn/T/fm-teardown-tests.VLaZgt/main-pr-ready/wt -c user.email=t@t -c user.name=t commit -q -m 'add feature'
++1941: git -C /private/var/folders/zk/8g327wwn58x475n0vfwjlkph0000gn/T/fm-teardown-tests.VLaZgt/main-pr-ready/wt rev-parse HEAD
+1941: add_gh_pr_merged_for_head /private/var/folders/zk/8g327wwn58x475n0vfwjlkph0000gn/T/fm-teardown-tests.VLaZgt/main-pr-ready a9dcb970b7622904194937a08528265c4df28f7e
+251: local case_dir=/private/var/folders/zk/8g327wwn58x475n0vfwjlkph0000gn/T/fm-teardown-tests.VLaZgt/main-pr-ready head=a9dcb970b7622904194937a08528265c4df28f7e
+252: cat
+262: cat
+275: chmod +x /private/var/folders/zk/8g327wwn58x475n0vfwjlkph0000gn/T/fm-teardown-tests.VLaZgt/main-pr-ready/fakebin/gh-axi /private/var/folders/zk/8g327wwn58x475n0vfwjlkph0000gn/T/fm-teardown-tests.VLaZgt/main-pr-ready/fakebin/gh
+1942: FM_ROOT_OVERRIDE=/Users/bastotecnologia/.no-mistakes/worktrees/5a1fd3284f12/01M34QFFNA8GHX8N66YZVVJXKG
+1942: FM_STATE_OVERRIDE=/private/var/folders/zk/8g327wwn58x475n0vfwjlkph0000gn/T/fm-teardown-tests.VLaZgt/main-pr-ready/state
+1942: PATH='/private/var/folders/zk/8g327wwn58x475n0vfwjlkph0000gn/T/fm-teardown-tests.VLaZgt/main-pr-ready/fakebin:/Users/bastotecnologia/.pi/agent/bin:/Users/bastotecnologia/.local/bin:/opt/homebrew/share/google-cloud-sdk/bin:/Users/bastotecnologia/bin:/Users/bastotecnologia/.pyenv/shims:/usr/local/share/google-cloud-sdk/bin:/Users/bastotecnologia/.bun/bin:/Users/bastotecnologia/dotfiles/bin:/Users/bastotecnologia/.local/bin:/Users/bastotecnologia/.platformio/penv/bin:/Users/bastotecnologia/Library/Android/sdk/platform-tools:/Library/Java/JavaVirtualMachines/temurin-21.jdk/Contents/Home/bin:/Users/bastotecnologia/.antigravity/antigravity/bin:/Users/bastotecnologia/.opencode/bin:/Users/bastotecnologia/.openfang/bin:/Users/bastotecnologia/Library/Application Support/carapace/bin:/Users/bastotecnologia/.nvm/versions/node/v22.22.0/bin:/usr/local/bin:/System/Cryptexes/App/usr/bin:/usr/bin:/bin:/usr/sbin:/sbin:/var/run/com.apple.security.cryptexd/codex.system/bootstrap/usr/local/bin:/var/run/com.apple.security.cryptexd/codex.system/bootstrap/usr/bin:/var/run/com.apple.security.cryptexd/codex.system/bootstrap/usr/appleinternal/bin:/pkg/env/global/bin:/opt/X11/bin:/Library/Apple/usr/bin:/usr/local/share/dotnet:~/.dotnet/tools:/Users/bastotecnologia/.wasmedge/bin:/Users/bastotecnologia/go/bin:/Users/bastotecnologia/.cargo/bin:/Users/bastotecnologia/bin:/usr/local/sbin:/Users/bastotecnologia/.orbstack/bin:/opt/homebrew/bin:/opt/homebrew/sbin:/opt/homebrew/opt/qt@5/bin:/opt/homebrew/opt/mysql-client/bin:/opt/homebrew/opt/riscv-openocd/bin:/opt/homebrew/Cellar/riscv-gnu-toolchain/main/bin'
+1942: /Users/bastotecnologia/.no-mistakes/worktrees/5a1fd3284f12/01M34QFFNA8GHX8N66YZVVJXKG/bin/fm-pr-check.sh task-x1 https://github.com/example/repo/pull/7
+1945: grep -q '^actionable:' /private/var/folders/zk/8g327wwn58x475n0vfwjlkph0000gn/T/fm-teardown-tests.VLaZgt/main-pr-ready/pr-check.err
+1947: '[' '!' -e /private/var/folders/zk/8g327wwn58x475n0vfwjlkph0000gn/T/fm-teardown-tests.VLaZgt/main-pr-ready/state/parent-replies.status ']'
+1948: pass 'fm-pr-check publishes the PR-ready line on a secondmate'\''s parent channel once'
+86: printf 'ok - %s\n' 'fm-pr-check publishes the PR-ready line on a secondmate'\''s parent channel once'
ok - fm-pr-check publishes the PR-ready line on a secondmate's parent channel once
+3753: test_secondmate_home_teardown_delivers_final_line_or_refuses
+1956: local case_dir rc channel wt_head err seq generation
++1958: make_case mate-teardown-delivers
++80: local name=mate-teardown-delivers case_dir fakebin
++81: case_dir=/private/var/folders/zk/8g327wwn58x475n0vfwjlkph0000gn/T/fm-teardown-tests.VLaZgt/mate-teardown-delivers
++82: fakebin=/private/var/folders/zk/8g327wwn58x475n0vfwjlkph0000gn/T/fm-teardown-tests.VLaZgt/mate-teardown-delivers/fakebin
++83: mkdir -p /private/var/folders/zk/8g327wwn58x475n0vfwjlkph0000gn/T/fm-teardown-tests.VLaZgt/mate-teardown-delivers/state /private/var/folders/zk/8g327wwn58x475n0vfwjlkph0000gn/T/fm-teardown-tests.VLaZgt/mate-teardown-delivers/config /private/var/folders/zk/8g327wwn58x475n0vfwjlkph0000gn/T/fm-teardown-tests.VLaZgt/mate-teardown-delivers/data /private/var/folders/zk/8g327wwn58x475n0vfwjlkph0000gn/T/fm-teardown-tests.VLaZgt/mate-teardown-delivers/fakebin
++87: cat
++92: cat
++101: cat
++109: cat
++129: cat
++168: chmod +x /private/var/folders/zk/8g327wwn58x475n0vfwjlkph0000gn/T/fm-teardown-tests.VLaZgt/mate-teardown-delivers/fakebin/treehouse /private/var/folders/zk/8g327wwn58x475n0vfwjlkph0000gn/T/fm-teardown-tests.VLaZgt/mate-teardown-delivers/fakebin/tmux /private/var/folders/zk/8g327wwn58x475n0vfwjlkph0000gn/T/fm-teardown-tests.VLaZgt/mate-teardown-delivers/fakebin/gh-axi /private/var/folders/zk/8g327wwn58x475n0vfwjlkph0000gn/T/fm-teardown-tests.VLaZgt/mate-teardown-delivers/fakebin/gh /private/var/folders/zk/8g327wwn58x475n0vfwjlkph0000gn/T/fm-teardown-tests.VLaZgt/mate-teardown-delivers/fakebin/no-mistakes
++171: git init -q --bare /private/var/folders/zk/8g327wwn58x475n0vfwjlkph0000gn/T/fm-teardown-tests.VLaZgt/mate-teardown-delivers/origin.git
++172: git -C /private/var/folders/zk/8g327wwn58x475n0vfwjlkph0000gn/T/fm-teardown-tests.VLaZgt/mate-teardown-delivers/origin.git symbolic-ref HEAD refs/heads/main
++174: git clone -q /private/var/folders/zk/8g327wwn58x475n0vfwjlkph0000gn/T/fm-teardown-tests.VLaZgt/mate-teardown-delivers/origin.git /private/var/folders/zk/8g327wwn58x475n0vfwjlkph0000gn/T/fm-teardown-tests.VLaZgt/mate-teardown-delivers/_seed
++175: git -C /private/var/folders/zk/8g327wwn58x475n0vfwjlkph0000gn/T/fm-teardown-tests.VLaZgt/mate-teardown-delivers/_seed -c user.email=t@t -c user.name=t commit -q --allow-empty -m 'origin baseline'
++177: git -C /private/var/folders/zk/8g327wwn58x475n0vfwjlkph0000gn/T/fm-teardown-tests.VLaZgt/mate-teardown-delivers/_seed push -q origin main
++178: rm -rf /private/var/folders/zk/8g327wwn58x475n0vfwjlkph0000gn/T/fm-teardown-tests.VLaZgt/mate-teardown-delivers/_seed
++180: git clone -q /private/var/folders/zk/8g327wwn58x475n0vfwjlkph0000gn/T/fm-teardown-tests.VLaZgt/mate-teardown-delivers/origin.git /private/var/folders/zk/8g327wwn58x475n0vfwjlkph0000gn/T/fm-teardown-tests.VLaZgt/mate-teardown-delivers/project
++181: git -C /private/var/folders/zk/8g327wwn58x475n0vfwjlkph0000gn/T/fm-teardown-tests.VLaZgt/mate-teardown-delivers/project remote set-head origin main
++183: git -C /private/var/folders/zk/8g327wwn58x475n0vfwjlkph0000gn/T/fm-teardown-tests.VLaZgt/mate-teardown-delivers/project worktree add -q -b fm/task-x1 /private/var/folders/zk/8g327wwn58x475n0vfwjlkph0000gn/T/fm-teardown-tests.VLaZgt/mate-teardown-delivers/wt main
++186: touch /private/var/folders/zk/8g327wwn58x475n0vfwjlkph0000gn/T/fm-teardown-tests.VLaZgt/mate-teardown-delivers/state/.last-watcher-beat
++188: printf '%s\n' /private/var/folders/zk/8g327wwn58x475n0vfwjlkph0000gn/T/fm-teardown-tests.VLaZgt/mate-teardown-delivers
+1958: case_dir=/private/var/folders/zk/8g327wwn58x475n0vfwjlkph0000gn/T/fm-teardown-tests.VLaZgt/mate-teardown-delivers
+1959: configure_secondmate_home /private/var/folders/zk/8g327wwn58x475n0vfwjlkph0000gn/T/fm-teardown-tests.VLaZgt/mate-teardown-delivers local /private/var/folders/zk/8g327wwn58x475n0vfwjlkph0000gn/T/fm-teardown-tests.VLaZgt/mate-teardown-delivers/parent
+1893: local case_dir=/private/var/folders/zk/8g327wwn58x475n0vfwjlkph0000gn/T/fm-teardown-tests.VLaZgt/mate-teardown-delivers route=local parent=/private/var/folders/zk/8g327wwn58x475n0vfwjlkph0000gn/T/fm-teardown-tests.VLaZgt/mate-teardown-delivers/parent home=/private/var/folders/zk/8g327wwn58x475n0vfwjlkph0000gn/T/fm-teardown-tests.VLaZgt/mate-teardown-delivers/home
+1894: mkdir -p /private/var/folders/zk/8g327wwn58x475n0vfwjlkph0000gn/T/fm-teardown-tests.VLaZgt/mate-teardown-delivers/home
+1895: printf 'mate-x\n'
+1897: printf 'schema=fm-secondmate-parent.v1\nroute=%s\n' local
+1898: '[' local '!=' local ']'
+1898: printf 'parent_home=%s\n' /private/var/folders/zk/8g327wwn58x475n0vfwjlkph0000gn/T/fm-teardown-tests.VLaZgt/mate-teardown-delivers/parent
+1900: '[' local = local ']'
+1902: mkdir -p /private/var/folders/zk/8g327wwn58x475n0vfwjlkph0000gn/T/fm-teardown-tests.VLaZgt/mate-teardown-delivers/parent/state /private/var/folders/zk/8g327wwn58x475n0vfwjlkph0000gn/T/fm-teardown-tests.VLaZgt/mate-teardown-delivers/parent/data
+1903: fm_write_secondmate_meta /private/var/folders/zk/8g327wwn58x475n0vfwjlkph0000gn/T/fm-teardown-tests.VLaZgt/mate-teardown-delivers/parent/state/mate-x.meta /private/var/folders/zk/8g327wwn58x475n0vfwjlkph0000gn/T/fm-teardown-tests.VLaZgt/mate-teardown-delivers/home
+643: local file=/private/var/folders/zk/8g327wwn58x475n0vfwjlkph0000gn/T/fm-teardown-tests.VLaZgt/mate-teardown-delivers/parent/state/mate-x.meta home=/private/var/folders/zk/8g327wwn58x475n0vfwjlkph0000gn/T/fm-teardown-tests.VLaZgt/mate-teardown-delivers/home id window projects=alpha harness=echo
++644: basename /private/var/folders/zk/8g327wwn58x475n0vfwjlkph0000gn/T/fm-teardown-tests.VLaZgt/mate-teardown-delivers/parent/state/mate-x.meta .meta
+644: id=mate-x
+645: window=firstmate:fm-mate-x
+646: fm_write_meta /private/var/folders/zk/8g327wwn58x475n0vfwjlkph0000gn/T/fm-teardown-tests.VLaZgt/mate-teardown-delivers/parent/state/mate-x.meta window=firstmate:fm-mate-x endpoint_task_id=mate-x worktree=/private/var/folders/zk/8g327wwn58x475n0vfwjlkph0000gn/T/fm-teardown-tests.VLaZgt/mate-teardown-delivers/home project=/private/var/folders/zk/8g327wwn58x475n0vfwjlkph0000gn/T/fm-teardown-tests.VLaZgt/mate-teardown-delivers/home harness=echo kind=secondmate mode=secondmate yolo=off home=/private/var/folders/zk/8g327wwn58x475n0vfwjlkph0000gn/T/fm-teardown-tests.VLaZgt/mate-teardown-delivers/home projects=alpha
+630: local file=/private/var/folders/zk/8g327wwn58x475n0vfwjlkph0000gn/T/fm-teardown-tests.VLaZgt/mate-teardown-delivers/parent/state/mate-x.meta kv
+631: shift
+632: :
+633: for kv in '"$@"'
+634: printf '%s\n' window=firstmate:fm-mate-x
+633: for kv in '"$@"'
+634: printf '%s\n' endpoint_task_id=mate-x
+633: for kv in '"$@"'
+634: printf '%s\n' worktree=/private/var/folders/zk/8g327wwn58x475n0vfwjlkph0000gn/T/fm-teardown-tests.VLaZgt/mate-teardown-delivers/home
+633: for kv in '"$@"'
+634: printf '%s\n' project=/private/var/folders/zk/8g327wwn58x475n0vfwjlkph0000gn/T/fm-teardown-tests.VLaZgt/mate-teardown-delivers/home
+633: for kv in '"$@"'
+634: printf '%s\n' harness=echo
+633: for kv in '"$@"'
+634: printf '%s\n' kind=secondmate
+633: for kv in '"$@"'
+634: printf '%s\n' mode=secondmate
+633: for kv in '"$@"'
+634: printf '%s\n' yolo=off
+633: for kv in '"$@"'
+634: printf '%s\n' home=/private/var/folders/zk/8g327wwn58x475n0vfwjlkph0000gn/T/fm-teardown-tests.VLaZgt/mate-teardown-delivers/home
+633: for kv in '"$@"'
+634: printf '%s\n' projects=alpha
+1904: printf -- '- mate-x - fixture scope (home: %s; scope: fixture; projects: alpha; added 2026-07-14)\n' /private/var/folders/zk/8g327wwn58x475n0vfwjlkph0000gn/T/fm-teardown-tests.VLaZgt/mate-teardown-delivers/home
+1960: mkdir -p /private/var/folders/zk/8g327wwn58x475n0vfwjlkph0000gn/T/fm-teardown-tests.VLaZgt/mate-teardown-delivers/parent/state
+1961: channel=/private/var/folders/zk/8g327wwn58x475n0vfwjlkph0000gn/T/fm-teardown-tests.VLaZgt/mate-teardown-delivers/parent/state/mate-x.status
+1962: write_meta /private/var/folders/zk/8g327wwn58x475n0vfwjlkph0000gn/T/fm-teardown-tests.VLaZgt/mate-teardown-delivers local-only ship
+193: local case_dir=/private/var/folders/zk/8g327wwn58x475n0vfwjlkph0000gn/T/fm-teardown-tests.VLaZgt/mate-teardown-delivers mode=local-only kind=ship
+194: fm_write_meta /private/var/folders/zk/8g327wwn58x475n0vfwjlkph0000gn/T/fm-teardown-tests.VLaZgt/mate-teardown-delivers/state/task-x1.meta window=firstmate:fm-task-x1 endpoint_task_id=task-x1 worktree=/private/var/folders/zk/8g327wwn58x475n0vfwjlkph0000gn/T/fm-teardown-tests.VLaZgt/mate-teardown-delivers/wt project=/private/var/folders/zk/8g327wwn58x475n0vfwjlkph0000gn/T/fm-teardown-tests.VLaZgt/mate-teardown-delivers/project kind=ship mode=local-only spawn_gen=teardown-test-task-x1
+630: local file=/private/var/folders/zk/8g327wwn58x475n0vfwjlkph0000gn/T/fm-teardown-tests.VLaZgt/mate-teardown-delivers/state/task-x1.meta kv
+631: shift
+632: :
+633: for kv in '"$@"'
+634: printf '%s\n' window=firstmate:fm-task-x1
+633: for kv in '"$@"'
+634: printf '%s\n' endpoint_task_id=task-x1
+633: for kv in '"$@"'
+634: printf '%s\n' worktree=/private/var/folders/zk/8g327wwn58x475n0vfwjlkph0000gn/T/fm-teardown-tests.VLaZgt/mate-teardown-delivers/wt
+633: for kv in '"$@"'
+634: printf '%s\n' project=/private/var/folders/zk/8g327wwn58x475n0vfwjlkph0000gn/T/fm-teardown-tests.VLaZgt/mate-teardown-delivers/project
+633: for kv in '"$@"'
+634: printf '%s\n' kind=ship
+633: for kv in '"$@"'
+634: printf '%s\n' mode=local-only
+633: for kv in '"$@"'
+634: printf '%s\n' spawn_gen=teardown-test-task-x1
+1963: wt_commit /private/var/folders/zk/8g327wwn58x475n0vfwjlkph0000gn/T/fm-teardown-tests.VLaZgt/mate-teardown-delivers 'merged work'
+206: local case_dir=/private/var/folders/zk/8g327wwn58x475n0vfwjlkph0000gn/T/fm-teardown-tests.VLaZgt/mate-teardown-delivers 'msg=merged work'
+207: git -C /private/var/folders/zk/8g327wwn58x475n0vfwjlkph0000gn/T/fm-teardown-tests.VLaZgt/mate-teardown-delivers/wt -c user.email=t@t -c user.name=t commit -q --allow-empty -m 'merged work'
++1964: git -C /private/var/folders/zk/8g327wwn58x475n0vfwjlkph0000gn/T/fm-teardown-tests.VLaZgt/mate-teardown-delivers/wt rev-parse HEAD
+1964: wt_head=c99e6b534a3f18301ccc5eae0933487b196527d9
+1965: git -C /private/var/folders/zk/8g327wwn58x475n0vfwjlkph0000gn/T/fm-teardown-tests.VLaZgt/mate-teardown-delivers/project update-ref refs/heads/main c99e6b534a3f18301ccc5eae0933487b196527d9
+1966: printf 'working: shipping\ndone: PR https://github.com/example/repo/pull/9 checks green\n'
+1968: set +e
+1969: FM_HOME=/private/var/folders/zk/8g327wwn58x475n0vfwjlkph0000gn/T/fm-teardown-tests.VLaZgt/mate-teardown-delivers/home
+1969: run_teardown /private/var/folders/zk/8g327wwn58x475n0vfwjlkph0000gn/T/fm-teardown-tests.VLaZgt/mate-teardown-delivers
+1970: rc=0
+1971: set -e
++1972: cat /private/var/folders/zk/8g327wwn58x475n0vfwjlkph0000gn/T/fm-teardown-tests.VLaZgt/mate-teardown-delivers/stderr
+1972: expect_code 0 0 'mate-teardown-delivers: teardown should succeed: +623: local case_dir=/private/var/folders/zk/8g327wwn58x475n0vfwjlkph0000gn/T/fm-teardown-tests.VLaZgt/mate-teardown-delivers
+623: shift
+627: FM_ROOT_OVERRIDE=/Users/bastotecnologia/.no-mistakes/worktrees/5a1fd3284f12/01M34QFFNA8GHX8N66YZVVJXKG
+627: FM_STATE_OVERRIDE=/private/var/folders/zk/8g327wwn58x475n0vfwjlkph0000gn/T/fm-teardown-tests.VLaZgt/mate-teardown-delivers/state
+627: FM_DATA_OVERRIDE=/private/var/folders/zk/8g327wwn58x475n0vfwjlkph0000gn/T/fm-teardown-tests.VLaZgt/mate-teardown-delivers/data
+627: FM_CONFIG_OVERRIDE=/private/var/folders/zk/8g327wwn58x475n0vfwjlkph0000gn/T/fm-teardown-tests.VLaZgt/mate-teardown-delivers/config
+627: PATH='\''/private/var/folders/zk/8g327wwn58x475n0vfwjlkph0000gn/T/fm-teardown-tests.VLaZgt/mate-teardown-delivers/fakebin:/Users/bastotecnologia/.pi/agent/bin:/Users/bastotecnologia/.local/bin:/opt/homebrew/share/google-cloud-sdk/bin:/Users/bastotecnologia/bin:/Users/bastotecnologia/.pyenv/shims:/usr/local/share/google-cloud-sdk/bin:/Users/bastotecnologia/.bun/bin:/Users/bastotecnologia/dotfiles/bin:/Users/bastotecnologia/.local/bin:/Users/bastotecnologia/.platformio/penv/bin:/Users/bastotecnologia/Library/Android/sdk/platform-tools:/Library/Java/JavaVirtualMachines/temurin-21.jdk/Contents/Home/bin:/Users/bastotecnologia/.antigravity/antigravity/bin:/Users/bastotecnologia/.opencode/bin:/Users/bastotecnologia/.openfang/bin:/Users/bastotecnologia/Library/Application Support/carapace/bin:/Users/bastotecnologia/.nvm/versions/node/v22.22.0/bin:/usr/local/bin:/System/Cryptexes/App/usr/bin:/usr/bin:/bin:/usr/sbin:/sbin:/var/run/com.apple.security.cryptexd/codex.system/bootstrap/usr/local/bin:/var/run/com.apple.security.cryptexd/codex.system/bootstrap/usr/bin:/var/run/com.apple.security.cryptexd/codex.system/bootstrap/usr/appleinternal/bin:/pkg/env/global/bin:/opt/X11/bin:/Library/Apple/usr/bin:/usr/local/share/dotnet:~/.dotnet/tools:/Users/bastotecnologia/.wasmedge/bin:/Users/bastotecnologia/go/bin:/Users/bastotecnologia/.cargo/bin:/Users/bastotecnologia/bin:/usr/local/sbin:/Users/bastotecnologia/.orbstack/bin:/opt/homebrew/bin:/opt/homebrew/sbin:/opt/homebrew/opt/qt@5/bin:/opt/homebrew/opt/mysql-client/bin:/opt/homebrew/opt/riscv-openocd/bin:/opt/homebrew/Cellar/riscv-gnu-toolchain/main/bin'\''
+627: /Users/bastotecnologia/.no-mistakes/worktrees/5a1fd3284f12/01M34QFFNA8GHX8N66YZVVJXKG/bin/fm-teardown.sh task-x1
●━━━━━━━━━━━━━━━━━━━━━━━━━━━━━━━━━━━━━━━━━━━━━━━━━━━━━━━━━━━━━━━━━━━━━━━
●  WATCHER DOWN - SUPERVISION IS OFF
●  1 task(s) in flight, but no live watcher process holds this home lock (last beat: 1s ago).
●  Trust the emitted supervision protocol for this harness; do not use shell & for watcher repair.
●  This is a supervision warning only; the guarded operation WILL still run.
●  repair a missing or failed watcher cycle with the Pi tool fm_watch_arm_pi, or restart Pi with -e /Users/bastotecnologia/.no-mistakes/worktrees/5a1fd3284f12/01M34QFFNA8GHX8N66YZVVJXKG/.pi/extensions/fm-primary-turnend-guard.ts -e /Users/bastotecnologia/.no-mistakes/worktrees/5a1fd3284f12/01M34QFFNA8GHX8N66YZVVJXKG/.pi/extensions/fm-primary-pi-watch.ts if the extensions are not loaded.
●━━━━━━━━━━━━━━━━━━━━━━━━━━━━━━━━━━━━━━━━━━━━━━━━━━━━━━━━━━━━━━━━━━━━━━━'
+689: local expected=0 actual=0 'label=mate-teardown-delivers: teardown should succeed: +623: local case_dir=/private/var/folders/zk/8g327wwn58x475n0vfwjlkph0000gn/T/fm-teardown-tests.VLaZgt/mate-teardown-delivers
+623: shift
+627: FM_ROOT_OVERRIDE=/Users/bastotecnologia/.no-mistakes/worktrees/5a1fd3284f12/01M34QFFNA8GHX8N66YZVVJXKG
+627: FM_STATE_OVERRIDE=/private/var/folders/zk/8g327wwn58x475n0vfwjlkph0000gn/T/fm-teardown-tests.VLaZgt/mate-teardown-delivers/state
+627: FM_DATA_OVERRIDE=/private/var/folders/zk/8g327wwn58x475n0vfwjlkph0000gn/T/fm-teardown-tests.VLaZgt/mate-teardown-delivers/data
+627: FM_CONFIG_OVERRIDE=/private/var/folders/zk/8g327wwn58x475n0vfwjlkph0000gn/T/fm-teardown-tests.VLaZgt/mate-teardown-delivers/config
+627: PATH='\''/private/var/folders/zk/8g327wwn58x475n0vfwjlkph0000gn/T/fm-teardown-tests.VLaZgt/mate-teardown-delivers/fakebin:/Users/bastotecnologia/.pi/agent/bin:/Users/bastotecnologia/.local/bin:/opt/homebrew/share/google-cloud-sdk/bin:/Users/bastotecnologia/bin:/Users/bastotecnologia/.pyenv/shims:/usr/local/share/google-cloud-sdk/bin:/Users/bastotecnologia/.bun/bin:/Users/bastotecnologia/dotfiles/bin:/Users/bastotecnologia/.local/bin:/Users/bastotecnologia/.platformio/penv/bin:/Users/bastotecnologia/Library/Android/sdk/platform-tools:/Library/Java/JavaVirtualMachines/temurin-21.jdk/Contents/Home/bin:/Users/bastotecnologia/.antigravity/antigravity/bin:/Users/bastotecnologia/.opencode/bin:/Users/bastotecnologia/.openfang/bin:/Users/bastotecnologia/Library/Application Support/carapace/bin:/Users/bastotecnologia/.nvm/versions/node/v22.22.0/bin:/usr/local/bin:/System/Cryptexes/App/usr/bin:/usr/bin:/bin:/usr/sbin:/sbin:/var/run/com.apple.security.cryptexd/codex.system/bootstrap/usr/local/bin:/var/run/com.apple.security.cryptexd/codex.system/bootstrap/usr/bin:/var/run/com.apple.security.cryptexd/codex.system/bootstrap/usr/appleinternal/bin:/pkg/env/global/bin:/opt/X11/bin:/Library/Apple/usr/bin:/usr/local/share/dotnet:~/.dotnet/tools:/Users/bastotecnologia/.wasmedge/bin:/Users/bastotecnologia/go/bin:/Users/bastotecnologia/.cargo/bin:/Users/bastotecnologia/bin:/usr/local/sbin:/Users/bastotecnologia/.orbstack/bin:/opt/homebrew/bin:/opt/homebrew/sbin:/opt/homebrew/opt/qt@5/bin:/opt/homebrew/opt/mysql-client/bin:/opt/homebrew/opt/riscv-openocd/bin:/opt/homebrew/Cellar/riscv-gnu-toolchain/main/bin'\''
+627: /Users/bastotecnologia/.no-mistakes/worktrees/5a1fd3284f12/01M34QFFNA8GHX8N66YZVVJXKG/bin/fm-teardown.sh task-x1
●━━━━━━━━━━━━━━━━━━━━━━━━━━━━━━━━━━━━━━━━━━━━━━━━━━━━━━━━━━━━━━━━━━━━━━━
●  WATCHER DOWN - SUPERVISION IS OFF
●  1 task(s) in flight, but no live watcher process holds this home lock (last beat: 1s ago).
●  Trust the emitted supervision protocol for this harness; do not use shell & for watcher repair.
●  This is a supervision warning only; the guarded operation WILL still run.
●  repair a missing or failed watcher cycle with the Pi tool fm_watch_arm_pi, or restart Pi with -e /Users/bastotecnologia/.no-mistakes/worktrees/5a1fd3284f12/01M34QFFNA8GHX8N66YZVVJXKG/.pi/extensions/fm-primary-turnend-guard.ts -e /Users/bastotecnologia/.no-mistakes/worktrees/5a1fd3284f12/01M34QFFNA8GHX8N66YZVVJXKG/.pi/extensions/fm-primary-pi-watch.ts if the extensions are not loaded.
●━━━━━━━━━━━━━━━━━━━━━━━━━━━━━━━━━━━━━━━━━━━━━━━━━━━━━━━━━━━━━━━━━━━━━━━'
+690: '[' 0 = 0 ']'
+1973: grep -Eq '^done \[key=child-outcome-task-x1-done-[0-9a-f]{8}\]: child task-x1 done: PR https://github.com/example/repo/pull/9 checks green pr=https://github.com/example/repo/pull/9 mode=local-only$' /private/var/folders/zk/8g327wwn58x475n0vfwjlkph0000gn/T/fm-teardown-tests.VLaZgt/mate-teardown-delivers/parent/state/mate-x.status
+1975: '[' '!' -e /private/var/folders/zk/8g327wwn58x475n0vfwjlkph0000gn/T/fm-teardown-tests.VLaZgt/mate-teardown-delivers/state/task-x1.meta ']'
++1977: make_case mate-teardown-refuses
++80: local name=mate-teardown-refuses case_dir fakebin
++81: case_dir=/private/var/folders/zk/8g327wwn58x475n0vfwjlkph0000gn/T/fm-teardown-tests.VLaZgt/mate-teardown-refuses
++82: fakebin=/private/var/folders/zk/8g327wwn58x475n0vfwjlkph0000gn/T/fm-teardown-tests.VLaZgt/mate-teardown-refuses/fakebin
++83: mkdir -p /private/var/folders/zk/8g327wwn58x475n0vfwjlkph0000gn/T/fm-teardown-tests.VLaZgt/mate-teardown-refuses/state /private/var/folders/zk/8g327wwn58x475n0vfwjlkph0000gn/T/fm-teardown-tests.VLaZgt/mate-teardown-refuses/config /private/var/folders/zk/8g327wwn58x475n0vfwjlkph0000gn/T/fm-teardown-tests.VLaZgt/mate-teardown-refuses/data /private/var/folders/zk/8g327wwn58x475n0vfwjlkph0000gn/T/fm-teardown-tests.VLaZgt/mate-teardown-refuses/fakebin
++87: cat
++92: cat
++101: cat
++109: cat
++129: cat
++168: chmod +x /private/var/folders/zk/8g327wwn58x475n0vfwjlkph0000gn/T/fm-teardown-tests.VLaZgt/mate-teardown-refuses/fakebin/treehouse /private/var/folders/zk/8g327wwn58x475n0vfwjlkph0000gn/T/fm-teardown-tests.VLaZgt/mate-teardown-refuses/fakebin/tmux /private/var/folders/zk/8g327wwn58x475n0vfwjlkph0000gn/T/fm-teardown-tests.VLaZgt/mate-teardown-refuses/fakebin/gh-axi /private/var/folders/zk/8g327wwn58x475n0vfwjlkph0000gn/T/fm-teardown-tests.VLaZgt/mate-teardown-refuses/fakebin/gh /private/var/folders/zk/8g327wwn58x475n0vfwjlkph0000gn/T/fm-teardown-tests.VLaZgt/mate-teardown-refuses/fakebin/no-mistakes
++171: git init -q --bare /private/var/folders/zk/8g327wwn58x475n0vfwjlkph0000gn/T/fm-teardown-tests.VLaZgt/mate-teardown-refuses/origin.git
++172: git -C /private/var/folders/zk/8g327wwn58x475n0vfwjlkph0000gn/T/fm-teardown-tests.VLaZgt/mate-teardown-refuses/origin.git symbolic-ref HEAD refs/heads/main
++174: git clone -q /private/var/folders/zk/8g327wwn58x475n0vfwjlkph0000gn/T/fm-teardown-tests.VLaZgt/mate-teardown-refuses/origin.git /private/var/folders/zk/8g327wwn58x475n0vfwjlkph0000gn/T/fm-teardown-tests.VLaZgt/mate-teardown-refuses/_seed
++175: git -C /private/var/folders/zk/8g327wwn58x475n0vfwjlkph0000gn/T/fm-teardown-tests.VLaZgt/mate-teardown-refuses/_seed -c user.email=t@t -c user.name=t commit -q --allow-empty -m 'origin baseline'
++177: git -C /private/var/folders/zk/8g327wwn58x475n0vfwjlkph0000gn/T/fm-teardown-tests.VLaZgt/mate-teardown-refuses/_seed push -q origin main
++178: rm -rf /private/var/folders/zk/8g327wwn58x475n0vfwjlkph0000gn/T/fm-teardown-tests.VLaZgt/mate-teardown-refuses/_seed
++180: git clone -q /private/var/folders/zk/8g327wwn58x475n0vfwjlkph0000gn/T/fm-teardown-tests.VLaZgt/mate-teardown-refuses/origin.git /private/var/folders/zk/8g327wwn58x475n0vfwjlkph0000gn/T/fm-teardown-tests.VLaZgt/mate-teardown-refuses/project
++181: git -C /private/var/folders/zk/8g327wwn58x475n0vfwjlkph0000gn/T/fm-teardown-tests.VLaZgt/mate-teardown-refuses/project remote set-head origin main
++183: git -C /private/var/folders/zk/8g327wwn58x475n0vfwjlkph0000gn/T/fm-teardown-tests.VLaZgt/mate-teardown-refuses/project worktree add -q -b fm/task-x1 /private/var/folders/zk/8g327wwn58x475n0vfwjlkph0000gn/T/fm-teardown-tests.VLaZgt/mate-teardown-refuses/wt main
++186: touch /private/var/folders/zk/8g327wwn58x475n0vfwjlkph0000gn/T/fm-teardown-tests.VLaZgt/mate-teardown-refuses/state/.last-watcher-beat
++188: printf '%s\n' /private/var/folders/zk/8g327wwn58x475n0vfwjlkph0000gn/T/fm-teardown-tests.VLaZgt/mate-teardown-refuses
+1977: case_dir=/private/var/folders/zk/8g327wwn58x475n0vfwjlkph0000gn/T/fm-teardown-tests.VLaZgt/mate-teardown-refuses
+1978: configure_secondmate_home /private/var/folders/zk/8g327wwn58x475n0vfwjlkph0000gn/T/fm-teardown-tests.VLaZgt/mate-teardown-refuses local /private/var/folders/zk/8g327wwn58x475n0vfwjlkph0000gn/T/fm-teardown-tests.VLaZgt/mate-teardown-refuses/parent
+1893: local case_dir=/private/var/folders/zk/8g327wwn58x475n0vfwjlkph0000gn/T/fm-teardown-tests.VLaZgt/mate-teardown-refuses route=local parent=/private/var/folders/zk/8g327wwn58x475n0vfwjlkph0000gn/T/fm-teardown-tests.VLaZgt/mate-teardown-refuses/parent home=/private/var/folders/zk/8g327wwn58x475n0vfwjlkph0000gn/T/fm-teardown-tests.VLaZgt/mate-teardown-refuses/home
+1894: mkdir -p /private/var/folders/zk/8g327wwn58x475n0vfwjlkph0000gn/T/fm-teardown-tests.VLaZgt/mate-teardown-refuses/home
+1895: printf 'mate-x\n'
+1897: printf 'schema=fm-secondmate-parent.v1\nroute=%s\n' local
+1898: '[' local '!=' local ']'
+1898: printf 'parent_home=%s\n' /private/var/folders/zk/8g327wwn58x475n0vfwjlkph0000gn/T/fm-teardown-tests.VLaZgt/mate-teardown-refuses/parent
+1900: '[' local = local ']'
+1902: mkdir -p /private/var/folders/zk/8g327wwn58x475n0vfwjlkph0000gn/T/fm-teardown-tests.VLaZgt/mate-teardown-refuses/parent/state /private/var/folders/zk/8g327wwn58x475n0vfwjlkph0000gn/T/fm-teardown-tests.VLaZgt/mate-teardown-refuses/parent/data
+1903: fm_write_secondmate_meta /private/var/folders/zk/8g327wwn58x475n0vfwjlkph0000gn/T/fm-teardown-tests.VLaZgt/mate-teardown-refuses/parent/state/mate-x.meta /private/var/folders/zk/8g327wwn58x475n0vfwjlkph0000gn/T/fm-teardown-tests.VLaZgt/mate-teardown-refuses/home
+643: local file=/private/var/folders/zk/8g327wwn58x475n0vfwjlkph0000gn/T/fm-teardown-tests.VLaZgt/mate-teardown-refuses/parent/state/mate-x.meta home=/private/var/folders/zk/8g327wwn58x475n0vfwjlkph0000gn/T/fm-teardown-tests.VLaZgt/mate-teardown-refuses/home id window projects=alpha harness=echo
++644: basename /private/var/folders/zk/8g327wwn58x475n0vfwjlkph0000gn/T/fm-teardown-tests.VLaZgt/mate-teardown-refuses/parent/state/mate-x.meta .meta
+644: id=mate-x
+645: window=firstmate:fm-mate-x
+646: fm_write_meta /private/var/folders/zk/8g327wwn58x475n0vfwjlkph0000gn/T/fm-teardown-tests.VLaZgt/mate-teardown-refuses/parent/state/mate-x.meta window=firstmate:fm-mate-x endpoint_task_id=mate-x worktree=/private/var/folders/zk/8g327wwn58x475n0vfwjlkph0000gn/T/fm-teardown-tests.VLaZgt/mate-teardown-refuses/home project=/private/var/folders/zk/8g327wwn58x475n0vfwjlkph0000gn/T/fm-teardown-tests.VLaZgt/mate-teardown-refuses/home harness=echo kind=secondmate mode=secondmate yolo=off home=/private/var/folders/zk/8g327wwn58x475n0vfwjlkph0000gn/T/fm-teardown-tests.VLaZgt/mate-teardown-refuses/home projects=alpha
+630: local file=/private/var/folders/zk/8g327wwn58x475n0vfwjlkph0000gn/T/fm-teardown-tests.VLaZgt/mate-teardown-refuses/parent/state/mate-x.meta kv
+631: shift
+632: :
+633: for kv in '"$@"'
+634: printf '%s\n' window=firstmate:fm-mate-x
+633: for kv in '"$@"'
+634: printf '%s\n' endpoint_task_id=mate-x
+633: for kv in '"$@"'
+634: printf '%s\n' worktree=/private/var/folders/zk/8g327wwn58x475n0vfwjlkph0000gn/T/fm-teardown-tests.VLaZgt/mate-teardown-refuses/home
+633: for kv in '"$@"'
+634: printf '%s\n' project=/private/var/folders/zk/8g327wwn58x475n0vfwjlkph0000gn/T/fm-teardown-tests.VLaZgt/mate-teardown-refuses/home
+633: for kv in '"$@"'
+634: printf '%s\n' harness=echo
+633: for kv in '"$@"'
+634: printf '%s\n' kind=secondmate
+633: for kv in '"$@"'
+634: printf '%s\n' mode=secondmate
+633: for kv in '"$@"'
+634: printf '%s\n' yolo=off
+633: for kv in '"$@"'
+634: printf '%s\n' home=/private/var/folders/zk/8g327wwn58x475n0vfwjlkph0000gn/T/fm-teardown-tests.VLaZgt/mate-teardown-refuses/home
+633: for kv in '"$@"'
+634: printf '%s\n' projects=alpha
+1904: printf -- '- mate-x - fixture scope (home: %s; scope: fixture; projects: alpha; added 2026-07-14)\n' /private/var/folders/zk/8g327wwn58x475n0vfwjlkph0000gn/T/fm-teardown-tests.VLaZgt/mate-teardown-refuses/home
+1980: mkdir -p /private/var/folders/zk/8g327wwn58x475n0vfwjlkph0000gn/T/fm-teardown-tests.VLaZgt/mate-teardown-refuses/parent/state/mate-x.status
+1981: channel=/private/var/folders/zk/8g327wwn58x475n0vfwjlkph0000gn/T/fm-teardown-tests.VLaZgt/mate-teardown-refuses/parent/state/mate-x.status
+1982: write_meta /private/var/folders/zk/8g327wwn58x475n0vfwjlkph0000gn/T/fm-teardown-tests.VLaZgt/mate-teardown-refuses local-only ship
+193: local case_dir=/private/var/folders/zk/8g327wwn58x475n0vfwjlkph0000gn/T/fm-teardown-tests.VLaZgt/mate-teardown-refuses mode=local-only kind=ship
+194: fm_write_meta /private/var/folders/zk/8g327wwn58x475n0vfwjlkph0000gn/T/fm-teardown-tests.VLaZgt/mate-teardown-refuses/state/task-x1.meta window=firstmate:fm-task-x1 endpoint_task_id=task-x1 worktree=/private/var/folders/zk/8g327wwn58x475n0vfwjlkph0000gn/T/fm-teardown-tests.VLaZgt/mate-teardown-refuses/wt project=/private/var/folders/zk/8g327wwn58x475n0vfwjlkph0000gn/T/fm-teardown-tests.VLaZgt/mate-teardown-refuses/project kind=ship mode=local-only spawn_gen=teardown-test-task-x1
+630: local file=/private/var/folders/zk/8g327wwn58x475n0vfwjlkph0000gn/T/fm-teardown-tests.VLaZgt/mate-teardown-refuses/state/task-x1.meta kv
+631: shift
+632: :
+633: for kv in '"$@"'
+634: printf '%s\n' window=firstmate:fm-task-x1
+633: for kv in '"$@"'
+634: printf '%s\n' endpoint_task_id=task-x1
+633: for kv in '"$@"'
+634: printf '%s\n' worktree=/private/var/folders/zk/8g327wwn58x475n0vfwjlkph0000gn/T/fm-teardown-tests.VLaZgt/mate-teardown-refuses/wt
+633: for kv in '"$@"'
+634: printf '%s\n' project=/private/var/folders/zk/8g327wwn58x475n0vfwjlkph0000gn/T/fm-teardown-tests.VLaZgt/mate-teardown-refuses/project
+633: for kv in '"$@"'
+634: printf '%s\n' kind=ship
+633: for kv in '"$@"'
+634: printf '%s\n' mode=local-only
+633: for kv in '"$@"'
+634: printf '%s\n' spawn_gen=teardown-test-task-x1
+1983: mkdir -p /private/var/folders/zk/8g327wwn58x475n0vfwjlkph0000gn/T/fm-teardown-tests.VLaZgt/mate-teardown-refuses/tasktmp
+1984: printf '!\n'
+1985: printf '!\n'
+1986: printf 'tasktmp=%s\n' /private/var/folders/zk/8g327wwn58x475n0vfwjlkph0000gn/T/fm-teardown-tests.VLaZgt/mate-teardown-refuses/tasktmp
+1987: wt_commit /private/var/folders/zk/8g327wwn58x475n0vfwjlkph0000gn/T/fm-teardown-tests.VLaZgt/mate-teardown-refuses 'merged work'
+206: local case_dir=/private/var/folders/zk/8g327wwn58x475n0vfwjlkph0000gn/T/fm-teardown-tests.VLaZgt/mate-teardown-refuses 'msg=merged work'
+207: git -C /private/var/folders/zk/8g327wwn58x475n0vfwjlkph0000gn/T/fm-teardown-tests.VLaZgt/mate-teardown-refuses/wt -c user.email=t@t -c user.name=t commit -q --allow-empty -m 'merged work'
++1988: git -C /private/var/folders/zk/8g327wwn58x475n0vfwjlkph0000gn/T/fm-teardown-tests.VLaZgt/mate-teardown-refuses/wt rev-parse HEAD
+1988: wt_head=7b5c29bcc9c01e7bd44c3abadfddfade5c4fdcd2
+1989: git -C /private/var/folders/zk/8g327wwn58x475n0vfwjlkph0000gn/T/fm-teardown-tests.VLaZgt/mate-teardown-refuses/project update-ref refs/heads/main 7b5c29bcc9c01e7bd44c3abadfddfade5c4fdcd2
+1990: printf 'done: PR https://github.com/example/repo/pull/9 checks green\n'
+1991: set +e
+1992: FM_HOME=/private/var/folders/zk/8g327wwn58x475n0vfwjlkph0000gn/T/fm-teardown-tests.VLaZgt/mate-teardown-refuses/home
+1992: run_teardown /private/var/folders/zk/8g327wwn58x475n0vfwjlkph0000gn/T/fm-teardown-tests.VLaZgt/mate-teardown-refuses
+1993: rc=1
+1994: set -e
+1995: '[' 1 -ne 0 ']'
+1996: grep -q 'has not reached the parent channel' /private/var/folders/zk/8g327wwn58x475n0vfwjlkph0000gn/T/fm-teardown-tests.VLaZgt/mate-teardown-refuses/stderr
+1998: '[' -f /private/var/folders/zk/8g327wwn58x475n0vfwjlkph0000gn/T/fm-teardown-tests.VLaZgt/mate-teardown-refuses/state/task-x1.meta ']'
+1998: '[' -f /private/var/folders/zk/8g327wwn58x475n0vfwjlkph0000gn/T/fm-teardown-tests.VLaZgt/mate-teardown-refuses/state/task-x1.status ']'
+2000: '[' -f /private/var/folders/zk/8g327wwn58x475n0vfwjlkph0000gn/T/fm-teardown-tests.VLaZgt/mate-teardown-refuses/state/task-x1.grok-turnend-token ']'
+2001: '[' -f /private/var/folders/zk/8g327wwn58x475n0vfwjlkph0000gn/T/fm-teardown-tests.VLaZgt/mate-teardown-refuses/state/task-x1.kimi-turnend-token ']'
+2002: '[' -d /private/var/folders/zk/8g327wwn58x475n0vfwjlkph0000gn/T/fm-teardown-tests.VLaZgt/mate-teardown-refuses/tasktmp ']'
+2004: rmdir /private/var/folders/zk/8g327wwn58x475n0vfwjlkph0000gn/T/fm-teardown-tests.VLaZgt/mate-teardown-refuses/parent/state/mate-x.status
++2006: FM_HOME=/private/var/folders/zk/8g327wwn58x475n0vfwjlkph0000gn/T/fm-teardown-tests.VLaZgt/mate-teardown-refuses/home
++2006: FM_STATE_OVERRIDE=/private/var/folders/zk/8g327wwn58x475n0vfwjlkph0000gn/T/fm-teardown-tests.VLaZgt/mate-teardown-refuses/state
++2006: /Users/bastotecnologia/.no-mistakes/worktrees/5a1fd3284f12/01M34QFFNA8GHX8N66YZVVJXKG/bin/fm-wake-drain.sh
+2006: err='WAKE_ACK_REQUIRED: after handling completes run bin/fm-wake-drain.sh --ack-through 1 --recovery-generation 11616.1790101678.sYttE5
WARNING: watcher still down (same stale episode; last beat: 5s ago, grace 300s) - full banner already printed this episode.
WARNING: queued wakes pending - drain them with bin/fm-wake-drain.sh before anything else.'
++2007: printf '%s\n' 'WAKE_ACK_REQUIRED: after handling completes run bin/fm-wake-drain.sh --ack-through 1 --recovery-generation 11616.1790101678.sYttE5
WARNING: watcher still down (same stale episode; last beat: 5s ago, grace 300s) - full banner already printed this episode.
WARNING: queued wakes pending - drain them with bin/fm-wake-drain.sh before anything else.'
++2007: sed -n 's/^WAKE_ACK_REQUIRED:.*--ack-through \([0-9][0-9]*\) --recovery-generation .*/\1/p'
+2007: seq=1
++2008: printf '%s\n' 'WAKE_ACK_REQUIRED: after handling completes run bin/fm-wake-drain.sh --ack-through 1 --recovery-generation 11616.1790101678.sYttE5
WARNING: watcher still down (same stale episode; last beat: 5s ago, grace 300s) - full banner already printed this episode.
WARNING: queued wakes pending - drain them with bin/fm-wake-drain.sh before anything else.'
++2008: sed -n 's/^WAKE_ACK_REQUIRED:.*--recovery-generation \([A-Za-z0-9._-][A-Za-z0-9._-]*\)$/\1/p'
+2008: generation=11616.1790101678.sYttE5
+2009: '[' -z 1 ']'
+2009: FM_HOME=/private/var/folders/zk/8g327wwn58x475n0vfwjlkph0000gn/T/fm-teardown-tests.VLaZgt/mate-teardown-refuses/home
+2009: FM_STATE_OVERRIDE=/private/var/folders/zk/8g327wwn58x475n0vfwjlkph0000gn/T/fm-teardown-tests.VLaZgt/mate-teardown-refuses/state
+2009: /Users/bastotecnologia/.no-mistakes/worktrees/5a1fd3284f12/01M34QFFNA8GHX8N66YZVVJXKG/bin/fm-wake-drain.sh --ack-through 1 --recovery-generation 11616.1790101678.sYttE5
+2011: set +e
+2012: FM_HOME=/private/var/folders/zk/8g327wwn58x475n0vfwjlkph0000gn/T/fm-teardown-tests.VLaZgt/mate-teardown-refuses/home
+2012: run_teardown /private/var/folders/zk/8g327wwn58x475n0vfwjlkph0000gn/T/fm-teardown-tests.VLaZgt/mate-teardown-refuses
+2013: rc=0
+2014: set -e
++2015: cat /private/var/folders/zk/8g327wwn58x475n0vfwjlkph0000gn/T/fm-teardown-tests.VLaZgt/mate-teardown-refuses/stderr2
+2015: expect_code 0 0 'mate-teardown-refuses: rerun after repair should succeed: +623: local case_dir=/private/var/folders/zk/8g327wwn58x475n0vfwjlkph0000gn/T/fm-teardown-tests.VLaZgt/mate-teardown-refuses
+623: shift
+627: FM_ROOT_OVERRIDE=/Users/bastotecnologia/.no-mistakes/worktrees/5a1fd3284f12/01M34QFFNA8GHX8N66YZVVJXKG
+627: FM_STATE_OVERRIDE=/private/var/folders/zk/8g327wwn58x475n0vfwjlkph0000gn/T/fm-teardown-tests.VLaZgt/mate-teardown-refuses/state
+627: FM_DATA_OVERRIDE=/private/var/folders/zk/8g327wwn58x475n0vfwjlkph0000gn/T/fm-teardown-tests.VLaZgt/mate-teardown-refuses/data
+627: FM_CONFIG_OVERRIDE=/private/var/folders/zk/8g327wwn58x475n0vfwjlkph0000gn/T/fm-teardown-tests.VLaZgt/mate-teardown-refuses/config
+627: PATH='\''/private/var/folders/zk/8g327wwn58x475n0vfwjlkph0000gn/T/fm-teardown-tests.VLaZgt/mate-teardown-refuses/fakebin:/Users/bastotecnologia/.pi/agent/bin:/Users/bastotecnologia/.local/bin:/opt/homebrew/share/google-cloud-sdk/bin:/Users/bastotecnologia/bin:/Users/bastotecnologia/.pyenv/shims:/usr/local/share/google-cloud-sdk/bin:/Users/bastotecnologia/.bun/bin:/Users/bastotecnologia/dotfiles/bin:/Users/bastotecnologia/.local/bin:/Users/bastotecnologia/.platformio/penv/bin:/Users/bastotecnologia/Library/Android/sdk/platform-tools:/Library/Java/JavaVirtualMachines/temurin-21.jdk/Contents/Home/bin:/Users/bastotecnologia/.antigravity/antigravity/bin:/Users/bastotecnologia/.opencode/bin:/Users/bastotecnologia/.openfang/bin:/Users/bastotecnologia/Library/Application Support/carapace/bin:/Users/bastotecnologia/.nvm/versions/node/v22.22.0/bin:/usr/local/bin:/System/Cryptexes/App/usr/bin:/usr/bin:/bin:/usr/sbin:/sbin:/var/run/com.apple.security.cryptexd/codex.system/bootstrap/usr/local/bin:/var/run/com.apple.security.cryptexd/codex.system/bootstrap/usr/bin:/var/run/com.apple.security.cryptexd/codex.system/bootstrap/usr/appleinternal/bin:/pkg/env/global/bin:/opt/X11/bin:/Library/Apple/usr/bin:/usr/local/share/dotnet:~/.dotnet/tools:/Users/bastotecnologia/.wasmedge/bin:/Users/bastotecnologia/go/bin:/Users/bastotecnologia/.cargo/bin:/Users/bastotecnologia/bin:/usr/local/sbin:/Users/bastotecnologia/.orbstack/bin:/opt/homebrew/bin:/opt/homebrew/sbin:/opt/homebrew/opt/qt@5/bin:/opt/homebrew/opt/mysql-client/bin:/opt/homebrew/opt/riscv-openocd/bin:/opt/homebrew/Cellar/riscv-gnu-toolchain/main/bin'\''
+627: /Users/bastotecnologia/.no-mistakes/worktrees/5a1fd3284f12/01M34QFFNA8GHX8N66YZVVJXKG/bin/fm-teardown.sh task-x1
WARNING: watcher still down (same stale episode; last beat: 6s ago, grace 300s) - full banner already printed this episode.'
+689: local expected=0 actual=0 'label=mate-teardown-refuses: rerun after repair should succeed: +623: local case_dir=/private/var/folders/zk/8g327wwn58x475n0vfwjlkph0000gn/T/fm-teardown-tests.VLaZgt/mate-teardown-refuses
+623: shift
+627: FM_ROOT_OVERRIDE=/Users/bastotecnologia/.no-mistakes/worktrees/5a1fd3284f12/01M34QFFNA8GHX8N66YZVVJXKG
+627: FM_STATE_OVERRIDE=/private/var/folders/zk/8g327wwn58x475n0vfwjlkph0000gn/T/fm-teardown-tests.VLaZgt/mate-teardown-refuses/state
+627: FM_DATA_OVERRIDE=/private/var/folders/zk/8g327wwn58x475n0vfwjlkph0000gn/T/fm-teardown-tests.VLaZgt/mate-teardown-refuses/data
+627: FM_CONFIG_OVERRIDE=/private/var/folders/zk/8g327wwn58x475n0vfwjlkph0000gn/T/fm-teardown-tests.VLaZgt/mate-teardown-refuses/config
+627: PATH='\''/private/var/folders/zk/8g327wwn58x475n0vfwjlkph0000gn/T/fm-teardown-tests.VLaZgt/mate-teardown-refuses/fakebin:/Users/bastotecnologia/.pi/agent/bin:/Users/bastotecnologia/.local/bin:/opt/homebrew/share/google-cloud-sdk/bin:/Users/bastotecnologia/bin:/Users/bastotecnologia/.pyenv/shims:/usr/local/share/google-cloud-sdk/bin:/Users/bastotecnologia/.bun/bin:/Users/bastotecnologia/dotfiles/bin:/Users/bastotecnologia/.local/bin:/Users/bastotecnologia/.platformio/penv/bin:/Users/bastotecnologia/Library/Android/sdk/platform-tools:/Library/Java/JavaVirtualMachines/temurin-21.jdk/Contents/Home/bin:/Users/bastotecnologia/.antigravity/antigravity/bin:/Users/bastotecnologia/.opencode/bin:/Users/bastotecnologia/.openfang/bin:/Users/bastotecnologia/Library/Application Support/carapace/bin:/Users/bastotecnologia/.nvm/versions/node/v22.22.0/bin:/usr/local/bin:/System/Cryptexes/App/usr/bin:/usr/bin:/bin:/usr/sbin:/sbin:/var/run/com.apple.security.cryptexd/codex.system/bootstrap/usr/local/bin:/var/run/com.apple.security.cryptexd/codex.system/bootstrap/usr/bin:/var/run/com.apple.security.cryptexd/codex.system/bootstrap/usr/appleinternal/bin:/pkg/env/global/bin:/opt/X11/bin:/Library/Apple/usr/bin:/usr/local/share/dotnet:~/.dotnet/tools:/Users/bastotecnologia/.wasmedge/bin:/Users/bastotecnologia/go/bin:/Users/bastotecnologia/.cargo/bin:/Users/bastotecnologia/bin:/usr/local/sbin:/Users/bastotecnologia/.orbstack/bin:/opt/homebrew/bin:/opt/homebrew/sbin:/opt/homebrew/opt/qt@5/bin:/opt/homebrew/opt/mysql-client/bin:/opt/homebrew/opt/riscv-openocd/bin:/opt/homebrew/Cellar/riscv-gnu-toolchain/main/bin'\''
+627: /Users/bastotecnologia/.no-mistakes/worktrees/5a1fd3284f12/01M34QFFNA8GHX8N66YZVVJXKG/bin/fm-teardown.sh task-x1
WARNING: watcher still down (same stale episode; last beat: 6s ago, grace 300s) - full banner already printed this episode.'
+690: '[' 0 = 0 ']'
+2016: grep -Eq '^done \[key=child-outcome-task-x1-done-[0-9a-f]{8}\]: child task-x1 done: PR https://github.com/example/repo/pull/9 checks green' /private/var/folders/zk/8g327wwn58x475n0vfwjlkph0000gn/T/fm-teardown-tests.VLaZgt/mate-teardown-refuses/parent/state/mate-x.status
+2018: '[' '!' -e /private/var/folders/zk/8g327wwn58x475n0vfwjlkph0000gn/T/fm-teardown-tests.VLaZgt/mate-teardown-refuses/state/task-x1.meta ']'
+2019: pass 'a secondmate home'\''s teardown delivers the child'\''s final line or refuses until it can'
+86: printf 'ok - %s\n' 'a secondmate home'\''s teardown delivers the child'\''s final line or refuses until it can'
ok - a secondmate home's teardown delivers the child's final line or refuses until it can
+3754: test_teardown_missing_busy_sidecar_completes
+2023: local case_dir gen rc
++2024: make_case missing-busy-sidecar
++80: local name=missing-busy-sidecar case_dir fakebin
++81: case_dir=/private/var/folders/zk/8g327wwn58x475n0vfwjlkph0000gn/T/fm-teardown-tests.VLaZgt/missing-busy-sidecar
++82: fakebin=/private/var/folders/zk/8g327wwn58x475n0vfwjlkph0000gn/T/fm-teardown-tests.VLaZgt/missing-busy-sidecar/fakebin
++83: mkdir -p /private/var/folders/zk/8g327wwn58x475n0vfwjlkph0000gn/T/fm-teardown-tests.VLaZgt/missing-busy-sidecar/state /private/var/folders/zk/8g327wwn58x475n0vfwjlkph0000gn/T/fm-teardown-tests.VLaZgt/missing-busy-sidecar/config /private/var/folders/zk/8g327wwn58x475n0vfwjlkph0000gn/T/fm-teardown-tests.VLaZgt/missing-busy-sidecar/data /private/var/folders/zk/8g327wwn58x475n0vfwjlkph0000gn/T/fm-teardown-tests.VLaZgt/missing-busy-sidecar/fakebin
++87: cat
++92: cat
++101: cat
++109: cat
++129: cat
++168: chmod +x /private/var/folders/zk/8g327wwn58x475n0vfwjlkph0000gn/T/fm-teardown-tests.VLaZgt/missing-busy-sidecar/fakebin/treehouse /private/var/folders/zk/8g327wwn58x475n0vfwjlkph0000gn/T/fm-teardown-tests.VLaZgt/missing-busy-sidecar/fakebin/tmux /private/var/folders/zk/8g327wwn58x475n0vfwjlkph0000gn/T/fm-teardown-tests.VLaZgt/missing-busy-sidecar/fakebin/gh-axi /private/var/folders/zk/8g327wwn58x475n0vfwjlkph0000gn/T/fm-teardown-tests.VLaZgt/missing-busy-sidecar/fakebin/gh /private/var/folders/zk/8g327wwn58x475n0vfwjlkph0000gn/T/fm-teardown-tests.VLaZgt/missing-busy-sidecar/fakebin/no-mistakes
++171: git init -q --bare /private/var/folders/zk/8g327wwn58x475n0vfwjlkph0000gn/T/fm-teardown-tests.VLaZgt/missing-busy-sidecar/origin.git
++172: git -C /private/var/folders/zk/8g327wwn58x475n0vfwjlkph0000gn/T/fm-teardown-tests.VLaZgt/missing-busy-sidecar/origin.git symbolic-ref HEAD refs/heads/main
++174: git clone -q /private/var/folders/zk/8g327wwn58x475n0vfwjlkph0000gn/T/fm-teardown-tests.VLaZgt/missing-busy-sidecar/origin.git /private/var/folders/zk/8g327wwn58x475n0vfwjlkph0000gn/T/fm-teardown-tests.VLaZgt/missing-busy-sidecar/_seed
++175: git -C /private/var/folders/zk/8g327wwn58x475n0vfwjlkph0000gn/T/fm-teardown-tests.VLaZgt/missing-busy-sidecar/_seed -c user.email=t@t -c user.name=t commit -q --allow-empty -m 'origin baseline'
++177: git -C /private/var/folders/zk/8g327wwn58x475n0vfwjlkph0000gn/T/fm-teardown-tests.VLaZgt/missing-busy-sidecar/_seed push -q origin main
++178: rm -rf /private/var/folders/zk/8g327wwn58x475n0vfwjlkph0000gn/T/fm-teardown-tests.VLaZgt/missing-busy-sidecar/_seed
++180: git clone -q /private/var/folders/zk/8g327wwn58x475n0vfwjlkph0000gn/T/fm-teardown-tests.VLaZgt/missing-busy-sidecar/origin.git /private/var/folders/zk/8g327wwn58x475n0vfwjlkph0000gn/T/fm-teardown-tests.VLaZgt/missing-busy-sidecar/project
++181: git -C /private/var/folders/zk/8g327wwn58x475n0vfwjlkph0000gn/T/fm-teardown-tests.VLaZgt/missing-busy-sidecar/project remote set-head origin main
++183: git -C /private/var/folders/zk/8g327wwn58x475n0vfwjlkph0000gn/T/fm-teardown-tests.VLaZgt/missing-busy-sidecar/project worktree add -q -b fm/task-x1 /private/var/folders/zk/8g327wwn58x475n0vfwjlkph0000gn/T/fm-teardown-tests.VLaZgt/missing-busy-sidecar/wt main
++186: touch /private/var/folders/zk/8g327wwn58x475n0vfwjlkph0000gn/T/fm-teardown-tests.VLaZgt/missing-busy-sidecar/state/.last-watcher-beat
++188: printf '%s\n' /private/var/folders/zk/8g327wwn58x475n0vfwjlkph0000gn/T/fm-teardown-tests.VLaZgt/missing-busy-sidecar
+2024: case_dir=/private/var/folders/zk/8g327wwn58x475n0vfwjlkph0000gn/T/fm-teardown-tests.VLaZgt/missing-busy-sidecar
+2025: write_meta /private/var/folders/zk/8g327wwn58x475n0vfwjlkph0000gn/T/fm-teardown-tests.VLaZgt/missing-busy-sidecar local-only ship
+193: local case_dir=/private/var/folders/zk/8g327wwn58x475n0vfwjlkph0000gn/T/fm-teardown-tests.VLaZgt/missing-busy-sidecar mode=local-only kind=ship
+194: fm_write_meta /private/var/folders/zk/8g327wwn58x475n0vfwjlkph0000gn/T/fm-teardown-tests.VLaZgt/missing-busy-sidecar/state/task-x1.meta window=firstmate:fm-task-x1 endpoint_task_id=task-x1 worktree=/private/var/folders/zk/8g327wwn58x475n0vfwjlkph0000gn/T/fm-teardown-tests.VLaZgt/missing-busy-sidecar/wt project=/private/var/folders/zk/8g327wwn58x475n0vfwjlkph0000gn/T/fm-teardown-tests.VLaZgt/missing-busy-sidecar/project kind=ship mode=local-only spawn_gen=teardown-test-task-x1
+630: local file=/private/var/folders/zk/8g327wwn58x475n0vfwjlkph0000gn/T/fm-teardown-tests.VLaZgt/missing-busy-sidecar/state/task-x1.meta kv
+631: shift
+632: :
+633: for kv in '"$@"'
+634: printf '%s\n' window=firstmate:fm-task-x1
+633: for kv in '"$@"'
+634: printf '%s\n' endpoint_task_id=task-x1
+633: for kv in '"$@"'
+634: printf '%s\n' worktree=/private/var/folders/zk/8g327wwn58x475n0vfwjlkph0000gn/T/fm-teardown-tests.VLaZgt/missing-busy-sidecar/wt
+633: for kv in '"$@"'
+634: printf '%s\n' project=/private/var/folders/zk/8g327wwn58x475n0vfwjlkph0000gn/T/fm-teardown-tests.VLaZgt/missing-busy-sidecar/project
+633: for kv in '"$@"'
+634: printf '%s\n' kind=ship
+633: for kv in '"$@"'
+634: printf '%s\n' mode=local-only
+633: for kv in '"$@"'
+634: printf '%s\n' spawn_gen=teardown-test-task-x1
++2026: /Users/bastotecnologia/.no-mistakes/worktrees/5a1fd3284f12/01M34QFFNA8GHX8N66YZVVJXKG/bin/fm-busy-event.sh arm /private/var/folders/zk/8g327wwn58x475n0vfwjlkph0000gn/T/fm-teardown-tests.VLaZgt/missing-busy-sidecar/state task-x1
+2026: gen=g1790101685.21241.5957
+2027: printf 'busy_gen=%s\n' g1790101685.21241.5957
+2028: rm -f /private/var/folders/zk/8g327wwn58x475n0vfwjlkph0000gn/T/fm-teardown-tests.VLaZgt/missing-busy-sidecar/state/task-x1.busy-gen
+2030: set +e
+2031: run_teardown /private/var/folders/zk/8g327wwn58x475n0vfwjlkph0000gn/T/fm-teardown-tests.VLaZgt/missing-busy-sidecar --force
+2032: rc=0
+2033: set -e
+2035: expect_code 0 0 'missing-busy-sidecar: teardown should treat the incarnation as already retired'
+689: local expected=0 actual=0 'label=missing-busy-sidecar: teardown should treat the incarnation as already retired'
+690: '[' 0 = 0 ']'
+2036: assert_absent /private/var/folders/zk/8g327wwn58x475n0vfwjlkph0000gn/T/fm-teardown-tests.VLaZgt/missing-busy-sidecar/state/task-x1.busy-state 'missing-busy-sidecar: teardown left the orphan busy record'
+706: '[' '!' -e /private/var/folders/zk/8g327wwn58x475n0vfwjlkph0000gn/T/fm-teardown-tests.VLaZgt/missing-busy-sidecar/state/task-x1.busy-state ']'
+2038: assert_absent /private/var/folders/zk/8g327wwn58x475n0vfwjlkph0000gn/T/fm-teardown-tests.VLaZgt/missing-busy-sidecar/state/task-x1.meta 'missing-busy-sidecar: teardown remained incomplete'
+706: '[' '!' -e /private/var/folders/zk/8g327wwn58x475n0vfwjlkph0000gn/T/fm-teardown-tests.VLaZgt/missing-busy-sidecar/state/task-x1.meta ']'
+2040: pass 'teardown completes when an exact busy-state sidecar is already absent'
+86: printf 'ok - %s\n' 'teardown completes when an exact busy-state sidecar is already absent'
ok - teardown completes when an exact busy-state sidecar is already absent
+3755: test_herdr_teardown_clears_escalation_marker
+2044: local case_dir marker
++2045: make_case herdr-marker-cleanup
++80: local name=herdr-marker-cleanup case_dir fakebin
++81: case_dir=/private/var/folders/zk/8g327wwn58x475n0vfwjlkph0000gn/T/fm-teardown-tests.VLaZgt/herdr-marker-cleanup
++82: fakebin=/private/var/folders/zk/8g327wwn58x475n0vfwjlkph0000gn/T/fm-teardown-tests.VLaZgt/herdr-marker-cleanup/fakebin
++83: mkdir -p /private/var/folders/zk/8g327wwn58x475n0vfwjlkph0000gn/T/fm-teardown-tests.VLaZgt/herdr-marker-cleanup/state /private/var/folders/zk/8g327wwn58x475n0vfwjlkph0000gn/T/fm-teardown-tests.VLaZgt/herdr-marker-cleanup/config /private/var/folders/zk/8g327wwn58x475n0vfwjlkph0000gn/T/fm-teardown-tests.VLaZgt/herdr-marker-cleanup/data /private/var/folders/zk/8g327wwn58x475n0vfwjlkph0000gn/T/fm-teardown-tests.VLaZgt/herdr-marker-cleanup/fakebin
++87: cat
++92: cat
++101: cat
++109: cat
++129: cat
++168: chmod +x /private/var/folders/zk/8g327wwn58x475n0vfwjlkph0000gn/T/fm-teardown-tests.VLaZgt/herdr-marker-cleanup/fakebin/treehouse /private/var/folders/zk/8g327wwn58x475n0vfwjlkph0000gn/T/fm-teardown-tests.VLaZgt/herdr-marker-cleanup/fakebin/tmux /private/var/folders/zk/8g327wwn58x475n0vfwjlkph0000gn/T/fm-teardown-tests.VLaZgt/herdr-marker-cleanup/fakebin/gh-axi /private/var/folders/zk/8g327wwn58x475n0vfwjlkph0000gn/T/fm-teardown-tests.VLaZgt/herdr-marker-cleanup/fakebin/gh /private/var/folders/zk/8g327wwn58x475n0vfwjlkph0000gn/T/fm-teardown-tests.VLaZgt/herdr-marker-cleanup/fakebin/no-mistakes
++171: git init -q --bare /private/var/folders/zk/8g327wwn58x475n0vfwjlkph0000gn/T/fm-teardown-tests.VLaZgt/herdr-marker-cleanup/origin.git
++172: git -C /private/var/folders/zk/8g327wwn58x475n0vfwjlkph0000gn/T/fm-teardown-tests.VLaZgt/herdr-marker-cleanup/origin.git symbolic-ref HEAD refs/heads/main
++174: git clone -q /private/var/folders/zk/8g327wwn58x475n0vfwjlkph0000gn/T/fm-teardown-tests.VLaZgt/herdr-marker-cleanup/origin.git /private/var/folders/zk/8g327wwn58x475n0vfwjlkph0000gn/T/fm-teardown-tests.VLaZgt/herdr-marker-cleanup/_seed
++175: git -C /private/var/folders/zk/8g327wwn58x475n0vfwjlkph0000gn/T/fm-teardown-tests.VLaZgt/herdr-marker-cleanup/_seed -c user.email=t@t -c user.name=t commit -q --allow-empty -m 'origin baseline'
++177: git -C /private/var/folders/zk/8g327wwn58x475n0vfwjlkph0000gn/T/fm-teardown-tests.VLaZgt/herdr-marker-cleanup/_seed push -q origin main
++178: rm -rf /private/var/folders/zk/8g327wwn58x475n0vfwjlkph0000gn/T/fm-teardown-tests.VLaZgt/herdr-marker-cleanup/_seed
++180: git clone -q /private/var/folders/zk/8g327wwn58x475n0vfwjlkph0000gn/T/fm-teardown-tests.VLaZgt/herdr-marker-cleanup/origin.git /private/var/folders/zk/8g327wwn58x475n0vfwjlkph0000gn/T/fm-teardown-tests.VLaZgt/herdr-marker-cleanup/project
++181: git -C /private/var/folders/zk/8g327wwn58x475n0vfwjlkph0000gn/T/fm-teardown-tests.VLaZgt/herdr-marker-cleanup/project remote set-head origin main
++183: git -C /private/var/folders/zk/8g327wwn58x475n0vfwjlkph0000gn/T/fm-teardown-tests.VLaZgt/herdr-marker-cleanup/project worktree add -q -b fm/task-x1 /private/var/folders/zk/8g327wwn58x475n0vfwjlkph0000gn/T/fm-teardown-tests.VLaZgt/herdr-marker-cleanup/wt main
++186: touch /private/var/folders/zk/8g327wwn58x475n0vfwjlkph0000gn/T/fm-teardown-tests.VLaZgt/herdr-marker-cleanup/state/.last-watcher-beat
++188: printf '%s\n' /private/var/folders/zk/8g327wwn58x475n0vfwjlkph0000gn/T/fm-teardown-tests.VLaZgt/herdr-marker-cleanup
+2045: case_dir=/private/var/folders/zk/8g327wwn58x475n0vfwjlkph0000gn/T/fm-teardown-tests.VLaZgt/herdr-marker-cleanup
+2046: write_meta /private/var/folders/zk/8g327wwn58x475n0vfwjlkph0000gn/T/fm-teardown-tests.VLaZgt/herdr-marker-cleanup local-only ship
+193: local case_dir=/private/var/folders/zk/8g327wwn58x475n0vfwjlkph0000gn/T/fm-teardown-tests.VLaZgt/herdr-marker-cleanup mode=local-only kind=ship
+194: fm_write_meta /private/var/folders/zk/8g327wwn58x475n0vfwjlkph0000gn/T/fm-teardown-tests.VLaZgt/herdr-marker-cleanup/state/task-x1.meta window=firstmate:fm-task-x1 endpoint_task_id=task-x1 worktree=/private/var/folders/zk/8g327wwn58x475n0vfwjlkph0000gn/T/fm-teardown-tests.VLaZgt/herdr-marker-cleanup/wt project=/private/var/folders/zk/8g327wwn58x475n0vfwjlkph0000gn/T/fm-teardown-tests.VLaZgt/herdr-marker-cleanup/project kind=ship mode=local-only spawn_gen=teardown-test-task-x1
+630: local file=/private/var/folders/zk/8g327wwn58x475n0vfwjlkph0000gn/T/fm-teardown-tests.VLaZgt/herdr-marker-cleanup/state/task-x1.meta kv
+631: shift
+632: :
+633: for kv in '"$@"'
+634: printf '%s\n' window=firstmate:fm-task-x1
+633: for kv in '"$@"'
+634: printf '%s\n' endpoint_task_id=task-x1
+633: for kv in '"$@"'
+634: printf '%s\n' worktree=/private/var/folders/zk/8g327wwn58x475n0vfwjlkph0000gn/T/fm-teardown-tests.VLaZgt/herdr-marker-cleanup/wt
+633: for kv in '"$@"'
+634: printf '%s\n' project=/private/var/folders/zk/8g327wwn58x475n0vfwjlkph0000gn/T/fm-teardown-tests.VLaZgt/herdr-marker-cleanup/project
+633: for kv in '"$@"'
+634: printf '%s\n' kind=ship
+633: for kv in '"$@"'
+634: printf '%s\n' mode=local-only
+633: for kv in '"$@"'
+634: printf '%s\n' spawn_gen=teardown-test-task-x1
+2047: sed -i.bak 's/^window=.*/window=default:wG:pQ/' /private/var/folders/zk/8g327wwn58x475n0vfwjlkph0000gn/T/fm-teardown-tests.VLaZgt/herdr-marker-cleanup/state/task-x1.meta
+2048: rm -f /private/var/folders/zk/8g327wwn58x475n0vfwjlkph0000gn/T/fm-teardown-tests.VLaZgt/herdr-marker-cleanup/state/task-x1.meta.bak
+2049: printf '%s\n' backend=herdr herdr_session=default herdr_workspace_id=wG herdr_tab_id=wG:tQ herdr_pane_id=wG:pQ
+2057: cat
+2066: chmod +x /private/var/folders/zk/8g327wwn58x475n0vfwjlkph0000gn/T/fm-teardown-tests.VLaZgt/herdr-marker-cleanup/fakebin/herdr
+2067: marker=/private/var/folders/zk/8g327wwn58x475n0vfwjlkph0000gn/T/fm-teardown-tests.VLaZgt/herdr-marker-cleanup/state/.herdr-escalated-default_wG_pQ
+2068: :
+2070: run_teardown /private/var/folders/zk/8g327wwn58x475n0vfwjlkph0000gn/T/fm-teardown-tests.VLaZgt/herdr-marker-cleanup --force
+2072: '[' '!' -e /private/var/folders/zk/8g327wwn58x475n0vfwjlkph0000gn/T/fm-teardown-tests.VLaZgt/herdr-marker-cleanup/state/.herdr-escalated-default_wG_pQ ']'
+2073: pass 'herdr teardown removes pane-owned escalation dedupe state'
+86: printf 'ok - %s\n' 'herdr teardown removes pane-owned escalation dedupe state'
ok - herdr teardown removes pane-owned escalation dedupe state
+3756: test_herdr_flat_teardown_refuses_orphaning_records_then_retry_completes
+2141: local case_dir log closed lock ready release holder_pid rc thlog
++2142: make_case herdr-orphan-refusal
++80: local name=herdr-orphan-refusal case_dir fakebin
++81: case_dir=/private/var/folders/zk/8g327wwn58x475n0vfwjlkph0000gn/T/fm-teardown-tests.VLaZgt/herdr-orphan-refusal
++82: fakebin=/private/var/folders/zk/8g327wwn58x475n0vfwjlkph0000gn/T/fm-teardown-tests.VLaZgt/herdr-orphan-refusal/fakebin
++83: mkdir -p /private/var/folders/zk/8g327wwn58x475n0vfwjlkph0000gn/T/fm-teardown-tests.VLaZgt/herdr-orphan-refusal/state /private/var/folders/zk/8g327wwn58x475n0vfwjlkph0000gn/T/fm-teardown-tests.VLaZgt/herdr-orphan-refusal/config /private/var/folders/zk/8g327wwn58x475n0vfwjlkph0000gn/T/fm-teardown-tests.VLaZgt/herdr-orphan-refusal/data /private/var/folders/zk/8g327wwn58x475n0vfwjlkph0000gn/T/fm-teardown-tests.VLaZgt/herdr-orphan-refusal/fakebin
++87: cat
++92: cat
++101: cat
++109: cat
++129: cat
++168: chmod +x /private/var/folders/zk/8g327wwn58x475n0vfwjlkph0000gn/T/fm-teardown-tests.VLaZgt/herdr-orphan-refusal/fakebin/treehouse /private/var/folders/zk/8g327wwn58x475n0vfwjlkph0000gn/T/fm-teardown-tests.VLaZgt/herdr-orphan-refusal/fakebin/tmux /private/var/folders/zk/8g327wwn58x475n0vfwjlkph0000gn/T/fm-teardown-tests.VLaZgt/herdr-orphan-refusal/fakebin/gh-axi /private/var/folders/zk/8g327wwn58x475n0vfwjlkph0000gn/T/fm-teardown-tests.VLaZgt/herdr-orphan-refusal/fakebin/gh /private/var/folders/zk/8g327wwn58x475n0vfwjlkph0000gn/T/fm-teardown-tests.VLaZgt/herdr-orphan-refusal/fakebin/no-mistakes
++171: git init -q --bare /private/var/folders/zk/8g327wwn58x475n0vfwjlkph0000gn/T/fm-teardown-tests.VLaZgt/herdr-orphan-refusal/origin.git
++172: git -C /private/var/folders/zk/8g327wwn58x475n0vfwjlkph0000gn/T/fm-teardown-tests.VLaZgt/herdr-orphan-refusal/origin.git symbolic-ref HEAD refs/heads/main
++174: git clone -q /private/var/folders/zk/8g327wwn58x475n0vfwjlkph0000gn/T/fm-teardown-tests.VLaZgt/herdr-orphan-refusal/origin.git /private/var/folders/zk/8g327wwn58x475n0vfwjlkph0000gn/T/fm-teardown-tests.VLaZgt/herdr-orphan-refusal/_seed
++175: git -C /private/var/folders/zk/8g327wwn58x475n0vfwjlkph0000gn/T/fm-teardown-tests.VLaZgt/herdr-orphan-refusal/_seed -c user.email=t@t -c user.name=t commit -q --allow-empty -m 'origin baseline'
++177: git -C /private/var/folders/zk/8g327wwn58x475n0vfwjlkph0000gn/T/fm-teardown-tests.VLaZgt/herdr-orphan-refusal/_seed push -q origin main
++178: rm -rf /private/var/folders/zk/8g327wwn58x475n0vfwjlkph0000gn/T/fm-teardown-tests.VLaZgt/herdr-orphan-refusal/_seed
++180: git clone -q /private/var/folders/zk/8g327wwn58x475n0vfwjlkph0000gn/T/fm-teardown-tests.VLaZgt/herdr-orphan-refusal/origin.git /private/var/folders/zk/8g327wwn58x475n0vfwjlkph0000gn/T/fm-teardown-tests.VLaZgt/herdr-orphan-refusal/project
++181: git -C /private/var/folders/zk/8g327wwn58x475n0vfwjlkph0000gn/T/fm-teardown-tests.VLaZgt/herdr-orphan-refusal/project remote set-head origin main
++183: git -C /private/var/folders/zk/8g327wwn58x475n0vfwjlkph0000gn/T/fm-teardown-tests.VLaZgt/herdr-orphan-refusal/project worktree add -q -b fm/task-x1 /private/var/folders/zk/8g327wwn58x475n0vfwjlkph0000gn/T/fm-teardown-tests.VLaZgt/herdr-orphan-refusal/wt main
++186: touch /private/var/folders/zk/8g327wwn58x475n0vfwjlkph0000gn/T/fm-teardown-tests.VLaZgt/herdr-orphan-refusal/state/.last-watcher-beat
++188: printf '%s\n' /private/var/folders/zk/8g327wwn58x475n0vfwjlkph0000gn/T/fm-teardown-tests.VLaZgt/herdr-orphan-refusal
+2142: case_dir=/private/var/folders/zk/8g327wwn58x475n0vfwjlkph0000gn/T/fm-teardown-tests.VLaZgt/herdr-orphan-refusal
+2143: write_meta /private/var/folders/zk/8g327wwn58x475n0vfwjlkph0000gn/T/fm-teardown-tests.VLaZgt/herdr-orphan-refusal local-only ship
+193: local case_dir=/private/var/folders/zk/8g327wwn58x475n0vfwjlkph0000gn/T/fm-teardown-tests.VLaZgt/herdr-orphan-refusal mode=local-only kind=ship
+194: fm_write_meta /private/var/folders/zk/8g327wwn58x475n0vfwjlkph0000gn/T/fm-teardown-tests.VLaZgt/herdr-orphan-refusal/state/task-x1.meta window=firstmate:fm-task-x1 endpoint_task_id=task-x1 worktree=/private/var/folders/zk/8g327wwn58x475n0vfwjlkph0000gn/T/fm-teardown-tests.VLaZgt/herdr-orphan-refusal/wt project=/private/var/folders/zk/8g327wwn58x475n0vfwjlkph0000gn/T/fm-teardown-tests.VLaZgt/herdr-orphan-refusal/project kind=ship mode=local-only spawn_gen=teardown-test-task-x1
+630: local file=/private/var/folders/zk/8g327wwn58x475n0vfwjlkph0000gn/T/fm-teardown-tests.VLaZgt/herdr-orphan-refusal/state/task-x1.meta kv
+631: shift
+632: :
+633: for kv in '"$@"'
+634: printf '%s\n' window=firstmate:fm-task-x1
+633: for kv in '"$@"'
+634: printf '%s\n' endpoint_task_id=task-x1
+633: for kv in '"$@"'
+634: printf '%s\n' worktree=/private/var/folders/zk/8g327wwn58x475n0vfwjlkph0000gn/T/fm-teardown-tests.VLaZgt/herdr-orphan-refusal/wt
+633: for kv in '"$@"'
+634: printf '%s\n' project=/private/var/folders/zk/8g327wwn58x475n0vfwjlkph0000gn/T/fm-teardown-tests.VLaZgt/herdr-orphan-refusal/project
+633: for kv in '"$@"'
+634: printf '%s\n' kind=ship
+633: for kv in '"$@"'
+634: printf '%s\n' mode=local-only
+633: for kv in '"$@"'
+634: printf '%s\n' spawn_gen=teardown-test-task-x1
+2144: configure_flat_herdr_teardown_case /private/var/folders/zk/8g327wwn58x475n0vfwjlkph0000gn/T/fm-teardown-tests.VLaZgt/herdr-orphan-refusal
+2080: local case_dir=/private/var/folders/zk/8g327wwn58x475n0vfwjlkph0000gn/T/fm-teardown-tests.VLaZgt/herdr-orphan-refusal
+2081: sed -i.bak 's/^window=.*/window=default:wG:pQ/' /private/var/folders/zk/8g327wwn58x475n0vfwjlkph0000gn/T/fm-teardown-tests.VLaZgt/herdr-orphan-refusal/state/task-x1.meta
+2082: rm -f /private/var/folders/zk/8g327wwn58x475n0vfwjlkph0000gn/T/fm-teardown-tests.VLaZgt/herdr-orphan-refusal/state/task-x1.meta.bak
+2083: printf '%s\n' backend=herdr herdr_session=default herdr_workspace_id=wG herdr_tab_id=wG:tQ herdr_pane_id=wG:pQ
+2089: cat
+2137: chmod +x /private/var/folders/zk/8g327wwn58x475n0vfwjlkph0000gn/T/fm-teardown-tests.VLaZgt/herdr-orphan-refusal/fakebin/herdr
+2145: log=/private/var/folders/zk/8g327wwn58x475n0vfwjlkph0000gn/T/fm-teardown-tests.VLaZgt/herdr-orphan-refusal/herdr.log
+2145: :
+2146: closed=/private/var/folders/zk/8g327wwn58x475n0vfwjlkph0000gn/T/fm-teardown-tests.VLaZgt/herdr-orphan-refusal/closed
+2147: :
+2148: :
+2151: thlog=/private/var/folders/zk/8g327wwn58x475n0vfwjlkph0000gn/T/fm-teardown-tests.VLaZgt/herdr-orphan-refusal/treehouse.log
+2151: :
+2152: cat
+2157: chmod +x /private/var/folders/zk/8g327wwn58x475n0vfwjlkph0000gn/T/fm-teardown-tests.VLaZgt/herdr-orphan-refusal/fakebin/treehouse
++2160: FM_FAKE_HERDR_LOG=/private/var/folders/zk/8g327wwn58x475n0vfwjlkph0000gn/T/fm-teardown-tests.VLaZgt/herdr-orphan-refusal/herdr.log
++2160: FM_FAKE_HERDR_CLOSED=/private/var/folders/zk/8g327wwn58x475n0vfwjlkph0000gn/T/fm-teardown-tests.VLaZgt/herdr-orphan-refusal/closed
++2160: PATH='/private/var/folders/zk/8g327wwn58x475n0vfwjlkph0000gn/T/fm-teardown-tests.VLaZgt/herdr-orphan-refusal/fakebin:/Users/bastotecnologia/.pi/agent/bin:/Users/bastotecnologia/.local/bin:/opt/homebrew/share/google-cloud-sdk/bin:/Users/bastotecnologia/bin:/Users/bastotecnologia/.pyenv/shims:/usr/local/share/google-cloud-sdk/bin:/Users/bastotecnologia/.bun/bin:/Users/bastotecnologia/dotfiles/bin:/Users/bastotecnologia/.local/bin:/Users/bastotecnologia/.platformio/penv/bin:/Users/bastotecnologia/Library/Android/sdk/platform-tools:/Library/Java/JavaVirtualMachines/temurin-21.jdk/Contents/Home/bin:/Users/bastotecnologia/.antigravity/antigravity/bin:/Users/bastotecnologia/.opencode/bin:/Users/bastotecnologia/.openfang/bin:/Users/bastotecnologia/Library/Application Support/carapace/bin:/Users/bastotecnologia/.nvm/versions/node/v22.22.0/bin:/usr/local/bin:/System/Cryptexes/App/usr/bin:/usr/bin:/bin:/usr/sbin:/sbin:/var/run/com.apple.security.cryptexd/codex.system/bootstrap/usr/local/bin:/var/run/com.apple.security.cryptexd/codex.system/bootstrap/usr/bin:/var/run/com.apple.security.cryptexd/codex.system/bootstrap/usr/appleinternal/bin:/pkg/env/global/bin:/opt/X11/bin:/Library/Apple/usr/bin:/usr/local/share/dotnet:~/.dotnet/tools:/Users/bastotecnologia/.wasmedge/bin:/Users/bastotecnologia/go/bin:/Users/bastotecnologia/.cargo/bin:/Users/bastotecnologia/bin:/usr/local/sbin:/Users/bastotecnologia/.orbstack/bin:/opt/homebrew/bin:/opt/homebrew/sbin:/opt/homebrew/opt/qt@5/bin:/opt/homebrew/opt/mysql-client/bin:/opt/homebrew/opt/riscv-openocd/bin:/opt/homebrew/Cellar/riscv-gnu-toolchain/main/bin'
++2160: bash -c '. "$0/bin/backends/herdr.sh"; fm_backend_herdr_presentation_session_lock_path default' /Users/bastotecnologia/.no-mistakes/worktrees/5a1fd3284f12/01M34QFFNA8GHX8N66YZVVJXKG
+2160: lock=/tmp/firstmate-herdr-presentation/order-3be3b98298ad9dcb3deae54579096b2e.lock
+2162: ready=/private/var/folders/zk/8g327wwn58x475n0vfwjlkph0000gn/T/fm-teardown-tests.VLaZgt/herdr-orphan-refusal/lock-ready
+2162: release=/private/var/folders/zk/8g327wwn58x475n0vfwjlkph0000gn/T/fm-teardown-tests.VLaZgt/herdr-orphan-refusal/lock-release
+2170: holder_pid=34727
+2171: local waited=0
+2172: '[' '!' -e /private/var/folders/zk/8g327wwn58x475n0vfwjlkph0000gn/T/fm-teardown-tests.VLaZgt/herdr-orphan-refusal/lock-ready ']'
+2172: '[' 0 -lt 50 ']'
+2172: sleep 0.1
+2163: ROOT=/Users/bastotecnologia/.no-mistakes/worktrees/5a1fd3284f12/01M34QFFNA8GHX8N66YZVVJXKG
+2163: LOCK=/tmp/firstmate-herdr-presentation/order-3be3b98298ad9dcb3deae54579096b2e.lock
+2163: READY=/private/var/folders/zk/8g327wwn58x475n0vfwjlkph0000gn/T/fm-teardown-tests.VLaZgt/herdr-orphan-refusal/lock-ready
+2163: RELEASE=/private/var/folders/zk/8g327wwn58x475n0vfwjlkph0000gn/T/fm-teardown-tests.VLaZgt/herdr-orphan-refusal/lock-release
+2163: bash -c '
    . "$ROOT/bin/fm-wake-lib.sh"
    fm_lock_try_acquire "$LOCK" || exit 1
    : > "$READY"
    while [ ! -e "$RELEASE" ]; do sleep 0.1; done
    fm_lock_release "$LOCK"
  '
+2172: waited=1
+2172: '[' '!' -e /private/var/folders/zk/8g327wwn58x475n0vfwjlkph0000gn/T/fm-teardown-tests.VLaZgt/herdr-orphan-refusal/lock-ready ']'
+2173: '[' -e /private/var/folders/zk/8g327wwn58x475n0vfwjlkph0000gn/T/fm-teardown-tests.VLaZgt/herdr-orphan-refusal/lock-ready ']'
+2175: rc=0
+2176: FM_FAKE_HERDR_LOG=/private/var/folders/zk/8g327wwn58x475n0vfwjlkph0000gn/T/fm-teardown-tests.VLaZgt/herdr-orphan-refusal/herdr.log
+2176: FM_FAKE_HERDR_CLOSED=/private/var/folders/zk/8g327wwn58x475n0vfwjlkph0000gn/T/fm-teardown-tests.VLaZgt/herdr-orphan-refusal/closed
+2176: run_teardown /private/var/folders/zk/8g327wwn58x475n0vfwjlkph0000gn/T/fm-teardown-tests.VLaZgt/herdr-orphan-refusal --force
+2177: rc=1
+2178: '[' 1 -eq 0 ']'
+2182: '[' -e /private/var/folders/zk/8g327wwn58x475n0vfwjlkph0000gn/T/fm-teardown-tests.VLaZgt/herdr-orphan-refusal/state/task-x1.meta ']'
+2183: '[' -e /private/var/folders/zk/8g327wwn58x475n0vfwjlkph0000gn/T/fm-teardown-tests.VLaZgt/herdr-orphan-refusal/state/task-x1.status ']'
+2184: '[' -e /private/var/folders/zk/8g327wwn58x475n0vfwjlkph0000gn/T/fm-teardown-tests.VLaZgt/herdr-orphan-refusal/state/task-x1.turn-ended ']'
+2185: assert_grep 'presentation lock is contended' /private/var/folders/zk/8g327wwn58x475n0vfwjlkph0000gn/T/fm-teardown-tests.VLaZgt/herdr-orphan-refusal/stderr 'herdr-orphan-refusal: the pre-return refusal was not explained visibly'
+696: grep -F -- 'presentation lock is contended' /private/var/folders/zk/8g327wwn58x475n0vfwjlkph0000gn/T/fm-teardown-tests.VLaZgt/herdr-orphan-refusal/stderr
+2187: '[' -s /private/var/folders/zk/8g327wwn58x475n0vfwjlkph0000gn/T/fm-teardown-tests.VLaZgt/herdr-orphan-refusal/treehouse.log ']'
+2190: '[' -d /private/var/folders/zk/8g327wwn58x475n0vfwjlkph0000gn/T/fm-teardown-tests.VLaZgt/herdr-orphan-refusal/wt ']'
++2191: git -C /private/var/folders/zk/8g327wwn58x475n0vfwjlkph0000gn/T/fm-teardown-tests.VLaZgt/herdr-orphan-refusal/wt rev-parse --abbrev-ref HEAD
+2191: '[' fm/task-x1 '!=' fm/task-x1 ']'
+2194: grep -q 'teardown task-x1 complete' /private/var/folders/zk/8g327wwn58x475n0vfwjlkph0000gn/T/fm-teardown-tests.VLaZgt/herdr-orphan-refusal/stdout
+2197: grep -q '^pane close' /private/var/folders/zk/8g327wwn58x475n0vfwjlkph0000gn/T/fm-teardown-tests.VLaZgt/herdr-orphan-refusal/herdr.log
+2201: :
+2202: wait 34727
+2203: FM_FAKE_HERDR_LOG=/private/var/folders/zk/8g327wwn58x475n0vfwjlkph0000gn/T/fm-teardown-tests.VLaZgt/herdr-orphan-refusal/herdr.log
+2203: FM_FAKE_HERDR_CLOSED=/private/var/folders/zk/8g327wwn58x475n0vfwjlkph0000gn/T/fm-teardown-tests.VLaZgt/herdr-orphan-refusal/closed
+2203: FM_BACKEND_HERDR_IDLE_SHELL_PROOF_POLLS=1
+2203: run_teardown /private/var/folders/zk/8g327wwn58x475n0vfwjlkph0000gn/T/fm-teardown-tests.VLaZgt/herdr-orphan-refusal --force
+2206: '[' -e /private/var/folders/zk/8g327wwn58x475n0vfwjlkph0000gn/T/fm-teardown-tests.VLaZgt/herdr-orphan-refusal/closed ']'
+2207: '[' -s /private/var/folders/zk/8g327wwn58x475n0vfwjlkph0000gn/T/fm-teardown-tests.VLaZgt/herdr-orphan-refusal/treehouse.log ']'
+2208: '[' '!' -e /private/var/folders/zk/8g327wwn58x475n0vfwjlkph0000gn/T/fm-teardown-tests.VLaZgt/herdr-orphan-refusal/state/task-x1.meta ']'
+2209: '[' '!' -e /private/var/folders/zk/8g327wwn58x475n0vfwjlkph0000gn/T/fm-teardown-tests.VLaZgt/herdr-orphan-refusal/state/task-x1.status ']'
+2210: grep -q 'teardown task-x1 complete' /private/var/folders/zk/8g327wwn58x475n0vfwjlkph0000gn/T/fm-teardown-tests.VLaZgt/herdr-orphan-refusal/stdout2
+2212: pass 'herdr flat teardown refuses before returning the isolated copy under lock contention and the retry completes cleanly'
+86: printf 'ok - %s\n' 'herdr flat teardown refuses before returning the isolated copy under lock contention and the retry completes cleanly'
ok - herdr flat teardown refuses before returning the isolated copy under lock contention and the retry completes cleanly
+3757: test_herdr_flat_teardown_refuses_records_on_unparseable_presence
+2216: local case_dir log closed rc
++2217: make_case herdr-garbage-presence
++80: local name=herdr-garbage-presence case_dir fakebin
++81: case_dir=/private/var/folders/zk/8g327wwn58x475n0vfwjlkph0000gn/T/fm-teardown-tests.VLaZgt/herdr-garbage-presence
++82: fakebin=/private/var/folders/zk/8g327wwn58x475n0vfwjlkph0000gn/T/fm-teardown-tests.VLaZgt/herdr-garbage-presence/fakebin
++83: mkdir -p /private/var/folders/zk/8g327wwn58x475n0vfwjlkph0000gn/T/fm-teardown-tests.VLaZgt/herdr-garbage-presence/state /private/var/folders/zk/8g327wwn58x475n0vfwjlkph0000gn/T/fm-teardown-tests.VLaZgt/herdr-garbage-presence/config /private/var/folders/zk/8g327wwn58x475n0vfwjlkph0000gn/T/fm-teardown-tests.VLaZgt/herdr-garbage-presence/data /private/var/folders/zk/8g327wwn58x475n0vfwjlkph0000gn/T/fm-teardown-tests.VLaZgt/herdr-garbage-presence/fakebin
++87: cat
++92: cat
++101: cat
++109: cat
++129: cat
++168: chmod +x /private/var/folders/zk/8g327wwn58x475n0vfwjlkph0000gn/T/fm-teardown-tests.VLaZgt/herdr-garbage-presence/fakebin/treehouse /private/var/folders/zk/8g327wwn58x475n0vfwjlkph0000gn/T/fm-teardown-tests.VLaZgt/herdr-garbage-presence/fakebin/tmux /private/var/folders/zk/8g327wwn58x475n0vfwjlkph0000gn/T/fm-teardown-tests.VLaZgt/herdr-garbage-presence/fakebin/gh-axi /private/var/folders/zk/8g327wwn58x475n0vfwjlkph0000gn/T/fm-teardown-tests.VLaZgt/herdr-garbage-presence/fakebin/gh /private/var/folders/zk/8g327wwn58x475n0vfwjlkph0000gn/T/fm-teardown-tests.VLaZgt/herdr-garbage-presence/fakebin/no-mistakes
++171: git init -q --bare /private/var/folders/zk/8g327wwn58x475n0vfwjlkph0000gn/T/fm-teardown-tests.VLaZgt/herdr-garbage-presence/origin.git
++172: git -C /private/var/folders/zk/8g327wwn58x475n0vfwjlkph0000gn/T/fm-teardown-tests.VLaZgt/herdr-garbage-presence/origin.git symbolic-ref HEAD refs/heads/main
++174: git clone -q /private/var/folders/zk/8g327wwn58x475n0vfwjlkph0000gn/T/fm-teardown-tests.VLaZgt/herdr-garbage-presence/origin.git /private/var/folders/zk/8g327wwn58x475n0vfwjlkph0000gn/T/fm-teardown-tests.VLaZgt/herdr-garbage-presence/_seed
++175: git -C /private/var/folders/zk/8g327wwn58x475n0vfwjlkph0000gn/T/fm-teardown-tests.VLaZgt/herdr-garbage-presence/_seed -c user.email=t@t -c user.name=t commit -q --allow-empty -m 'origin baseline'
++177: git -C /private/var/folders/zk/8g327wwn58x475n0vfwjlkph0000gn/T/fm-teardown-tests.VLaZgt/herdr-garbage-presence/_seed push -q origin main
++178: rm -rf /private/var/folders/zk/8g327wwn58x475n0vfwjlkph0000gn/T/fm-teardown-tests.VLaZgt/herdr-garbage-presence/_seed
++180: git clone -q /private/var/folders/zk/8g327wwn58x475n0vfwjlkph0000gn/T/fm-teardown-tests.VLaZgt/herdr-garbage-presence/origin.git /private/var/folders/zk/8g327wwn58x475n0vfwjlkph0000gn/T/fm-teardown-tests.VLaZgt/herdr-garbage-presence/project
++181: git -C /private/var/folders/zk/8g327wwn58x475n0vfwjlkph0000gn/T/fm-teardown-tests.VLaZgt/herdr-garbage-presence/project remote set-head origin main
++183: git -C /private/var/folders/zk/8g327wwn58x475n0vfwjlkph0000gn/T/fm-teardown-tests.VLaZgt/herdr-garbage-presence/project worktree add -q -b fm/task-x1 /private/var/folders/zk/8g327wwn58x475n0vfwjlkph0000gn/T/fm-teardown-tests.VLaZgt/herdr-garbage-presence/wt main
++186: touch /private/var/folders/zk/8g327wwn58x475n0vfwjlkph0000gn/T/fm-teardown-tests.VLaZgt/herdr-garbage-presence/state/.last-watcher-beat
++188: printf '%s\n' /private/var/folders/zk/8g327wwn58x475n0vfwjlkph0000gn/T/fm-teardown-tests.VLaZgt/herdr-garbage-presence
+2217: case_dir=/private/var/folders/zk/8g327wwn58x475n0vfwjlkph0000gn/T/fm-teardown-tests.VLaZgt/herdr-garbage-presence
+2218: write_meta /private/var/folders/zk/8g327wwn58x475n0vfwjlkph0000gn/T/fm-teardown-tests.VLaZgt/herdr-garbage-presence local-only ship
+193: local case_dir=/private/var/folders/zk/8g327wwn58x475n0vfwjlkph0000gn/T/fm-teardown-tests.VLaZgt/herdr-garbage-presence mode=local-only kind=ship
+194: fm_write_meta /private/var/folders/zk/8g327wwn58x475n0vfwjlkph0000gn/T/fm-teardown-tests.VLaZgt/herdr-garbage-presence/state/task-x1.meta window=firstmate:fm-task-x1 endpoint_task_id=task-x1 worktree=/private/var/folders/zk/8g327wwn58x475n0vfwjlkph0000gn/T/fm-teardown-tests.VLaZgt/herdr-garbage-presence/wt project=/private/var/folders/zk/8g327wwn58x475n0vfwjlkph0000gn/T/fm-teardown-tests.VLaZgt/herdr-garbage-presence/project kind=ship mode=local-only spawn_gen=teardown-test-task-x1
+630: local file=/private/var/folders/zk/8g327wwn58x475n0vfwjlkph0000gn/T/fm-teardown-tests.VLaZgt/herdr-garbage-presence/state/task-x1.meta kv
+631: shift
+632: :
+633: for kv in '"$@"'
+634: printf '%s\n' window=firstmate:fm-task-x1
+633: for kv in '"$@"'
+634: printf '%s\n' endpoint_task_id=task-x1
+633: for kv in '"$@"'
+634: printf '%s\n' worktree=/private/var/folders/zk/8g327wwn58x475n0vfwjlkph0000gn/T/fm-teardown-tests.VLaZgt/herdr-garbage-presence/wt
+633: for kv in '"$@"'
+634: printf '%s\n' project=/private/var/folders/zk/8g327wwn58x475n0vfwjlkph0000gn/T/fm-teardown-tests.VLaZgt/herdr-garbage-presence/project
+633: for kv in '"$@"'
+634: printf '%s\n' kind=ship
+633: for kv in '"$@"'
+634: printf '%s\n' mode=local-only
+633: for kv in '"$@"'
+634: printf '%s\n' spawn_gen=teardown-test-task-x1
+2219: configure_flat_herdr_teardown_case /private/var/folders/zk/8g327wwn58x475n0vfwjlkph0000gn/T/fm-teardown-tests.VLaZgt/herdr-garbage-presence
+2080: local case_dir=/private/var/folders/zk/8g327wwn58x475n0vfwjlkph0000gn/T/fm-teardown-tests.VLaZgt/herdr-garbage-presence
+2081: sed -i.bak 's/^window=.*/window=default:wG:pQ/' /private/var/folders/zk/8g327wwn58x475n0vfwjlkph0000gn/T/fm-teardown-tests.VLaZgt/herdr-garbage-presence/state/task-x1.meta
+2082: rm -f /private/var/folders/zk/8g327wwn58x475n0vfwjlkph0000gn/T/fm-teardown-tests.VLaZgt/herdr-garbage-presence/state/task-x1.meta.bak
+2083: printf '%s\n' backend=herdr herdr_session=default herdr_workspace_id=wG herdr_tab_id=wG:tQ herdr_pane_id=wG:pQ
+2089: cat
+2137: chmod +x /private/var/folders/zk/8g327wwn58x475n0vfwjlkph0000gn/T/fm-teardown-tests.VLaZgt/herdr-garbage-presence/fakebin/herdr
+2220: log=/private/var/folders/zk/8g327wwn58x475n0vfwjlkph0000gn/T/fm-teardown-tests.VLaZgt/herdr-garbage-presence/herdr.log
+2220: :
+2221: closed=/private/var/folders/zk/8g327wwn58x475n0vfwjlkph0000gn/T/fm-teardown-tests.VLaZgt/herdr-garbage-presence/closed
+2222: :
+2223: rc=0
+2224: FM_FAKE_HERDR_LOG=/private/var/folders/zk/8g327wwn58x475n0vfwjlkph0000gn/T/fm-teardown-tests.VLaZgt/herdr-garbage-presence/herdr.log
+2224: FM_FAKE_HERDR_CLOSED=/private/var/folders/zk/8g327wwn58x475n0vfwjlkph0000gn/T/fm-teardown-tests.VLaZgt/herdr-garbage-presence/closed
+2224: FM_FAKE_HERDR_PANE_GET_GARBAGE=1
+2224: FM_BACKEND_HERDR_IDLE_SHELL_PROOF_POLLS=1
+2224: run_teardown /private/var/folders/zk/8g327wwn58x475n0vfwjlkph0000gn/T/fm-teardown-tests.VLaZgt/herdr-garbage-presence --force
+2226: rc=1
+2227: '[' 1 -ne 0 ']'
+2229: '[' -e /private/var/folders/zk/8g327wwn58x475n0vfwjlkph0000gn/T/fm-teardown-tests.VLaZgt/herdr-garbage-presence/state/task-x1.meta ']'
+2231: '[' -e /private/var/folders/zk/8g327wwn58x475n0vfwjlkph0000gn/T/fm-teardown-tests.VLaZgt/herdr-garbage-presence/state/task-x1.status ']'
+2233: assert_grep 'ambiguous structured presence' /private/var/folders/zk/8g327wwn58x475n0vfwjlkph0000gn/T/fm-teardown-tests.VLaZgt/herdr-garbage-presence/stderr 'herdr-garbage-presence: the ambiguity refusal was not explained visibly'
+696: grep -F -- 'ambiguous structured presence' /private/var/folders/zk/8g327wwn58x475n0vfwjlkph0000gn/T/fm-teardown-tests.VLaZgt/herdr-garbage-presence/stderr
+2235: pass 'herdr flat teardown never erases records when pane presence is unparseable'
+86: printf 'ok - %s\n' 'herdr flat teardown never erases records when pane presence is unparseable'
ok - herdr flat teardown never erases records when pane presence is unparseable
+3758: test_herdr_flat_teardown_preflight_refuses_before_changes
+2297: assert_herdr_teardown_preflight_refuses_before_changes unresolvable-lock
+2239: local mode=unresolvable-lock case_dir log closed rc thlog teardown_bin
++2240: make_case herdr-preflight-unresolvable-lock
++80: local name=herdr-preflight-unresolvable-lock case_dir fakebin
++81: case_dir=/private/var/folders/zk/8g327wwn58x475n0vfwjlkph0000gn/T/fm-teardown-tests.VLaZgt/herdr-preflight-unresolvable-lock
++82: fakebin=/private/var/folders/zk/8g327wwn58x475n0vfwjlkph0000gn/T/fm-teardown-tests.VLaZgt/herdr-preflight-unresolvable-lock/fakebin
++83: mkdir -p /private/var/folders/zk/8g327wwn58x475n0vfwjlkph0000gn/T/fm-teardown-tests.VLaZgt/herdr-preflight-unresolvable-lock/state /private/var/folders/zk/8g327wwn58x475n0vfwjlkph0000gn/T/fm-teardown-tests.VLaZgt/herdr-preflight-unresolvable-lock/config /private/var/folders/zk/8g327wwn58x475n0vfwjlkph0000gn/T/fm-teardown-tests.VLaZgt/herdr-preflight-unresolvable-lock/data /private/var/folders/zk/8g327wwn58x475n0vfwjlkph0000gn/T/fm-teardown-tests.VLaZgt/herdr-preflight-unresolvable-lock/fakebin
++87: cat
++92: cat
++101: cat
++109: cat
++129: cat
++168: chmod +x /private/var/folders/zk/8g327wwn58x475n0vfwjlkph0000gn/T/fm-teardown-tests.VLaZgt/herdr-preflight-unresolvable-lock/fakebin/treehouse /private/var/folders/zk/8g327wwn58x475n0vfwjlkph0000gn/T/fm-teardown-tests.VLaZgt/herdr-preflight-unresolvable-lock/fakebin/tmux /private/var/folders/zk/8g327wwn58x475n0vfwjlkph0000gn/T/fm-teardown-tests.VLaZgt/herdr-preflight-unresolvable-lock/fakebin/gh-axi /private/var/folders/zk/8g327wwn58x475n0vfwjlkph0000gn/T/fm-teardown-tests.VLaZgt/herdr-preflight-unresolvable-lock/fakebin/gh /private/var/folders/zk/8g327wwn58x475n0vfwjlkph0000gn/T/fm-teardown-tests.VLaZgt/herdr-preflight-unresolvable-lock/fakebin/no-mistakes
++171: git init -q --bare /private/var/folders/zk/8g327wwn58x475n0vfwjlkph0000gn/T/fm-teardown-tests.VLaZgt/herdr-preflight-unresolvable-lock/origin.git
++172: git -C /private/var/folders/zk/8g327wwn58x475n0vfwjlkph0000gn/T/fm-teardown-tests.VLaZgt/herdr-preflight-unresolvable-lock/origin.git symbolic-ref HEAD refs/heads/main
++174: git clone -q /private/var/folders/zk/8g327wwn58x475n0vfwjlkph0000gn/T/fm-teardown-tests.VLaZgt/herdr-preflight-unresolvable-lock/origin.git /private/var/folders/zk/8g327wwn58x475n0vfwjlkph0000gn/T/fm-teardown-tests.VLaZgt/herdr-preflight-unresolvable-lock/_seed
++175: git -C /private/var/folders/zk/8g327wwn58x475n0vfwjlkph0000gn/T/fm-teardown-tests.VLaZgt/herdr-preflight-unresolvable-lock/_seed -c user.email=t@t -c user.name=t commit -q --allow-empty -m 'origin baseline'
++177: git -C /private/var/folders/zk/8g327wwn58x475n0vfwjlkph0000gn/T/fm-teardown-tests.VLaZgt/herdr-preflight-unresolvable-lock/_seed push -q origin main
++178: rm -rf /private/var/folders/zk/8g327wwn58x475n0vfwjlkph0000gn/T/fm-teardown-tests.VLaZgt/herdr-preflight-unresolvable-lock/_seed
++180: git clone -q /private/var/folders/zk/8g327wwn58x475n0vfwjlkph0000gn/T/fm-teardown-tests.VLaZgt/herdr-preflight-unresolvable-lock/origin.git /private/var/folders/zk/8g327wwn58x475n0vfwjlkph0000gn/T/fm-teardown-tests.VLaZgt/herdr-preflight-unresolvable-lock/project
++181: git -C /private/var/folders/zk/8g327wwn58x475n0vfwjlkph0000gn/T/fm-teardown-tests.VLaZgt/herdr-preflight-unresolvable-lock/project remote set-head origin main
++183: git -C /private/var/folders/zk/8g327wwn58x475n0vfwjlkph0000gn/T/fm-teardown-tests.VLaZgt/herdr-preflight-unresolvable-lock/project worktree add -q -b fm/task-x1 /private/var/folders/zk/8g327wwn58x475n0vfwjlkph0000gn/T/fm-teardown-tests.VLaZgt/herdr-preflight-unresolvable-lock/wt main
++186: touch /private/var/folders/zk/8g327wwn58x475n0vfwjlkph0000gn/T/fm-teardown-tests.VLaZgt/herdr-preflight-unresolvable-lock/state/.last-watcher-beat
++188: printf '%s\n' /private/var/folders/zk/8g327wwn58x475n0vfwjlkph0000gn/T/fm-teardown-tests.VLaZgt/herdr-preflight-unresolvable-lock
+2240: case_dir=/private/var/folders/zk/8g327wwn58x475n0vfwjlkph0000gn/T/fm-teardown-tests.VLaZgt/herdr-preflight-unresolvable-lock
+2241: write_meta /private/var/folders/zk/8g327wwn58x475n0vfwjlkph0000gn/T/fm-teardown-tests.VLaZgt/herdr-preflight-unresolvable-lock local-only ship
+193: local case_dir=/private/var/folders/zk/8g327wwn58x475n0vfwjlkph0000gn/T/fm-teardown-tests.VLaZgt/herdr-preflight-unresolvable-lock mode=local-only kind=ship
+194: fm_write_meta /private/var/folders/zk/8g327wwn58x475n0vfwjlkph0000gn/T/fm-teardown-tests.VLaZgt/herdr-preflight-unresolvable-lock/state/task-x1.meta window=firstmate:fm-task-x1 endpoint_task_id=task-x1 worktree=/private/var/folders/zk/8g327wwn58x475n0vfwjlkph0000gn/T/fm-teardown-tests.VLaZgt/herdr-preflight-unresolvable-lock/wt project=/private/var/folders/zk/8g327wwn58x475n0vfwjlkph0000gn/T/fm-teardown-tests.VLaZgt/herdr-preflight-unresolvable-lock/project kind=ship mode=local-only spawn_gen=teardown-test-task-x1
+630: local file=/private/var/folders/zk/8g327wwn58x475n0vfwjlkph0000gn/T/fm-teardown-tests.VLaZgt/herdr-preflight-unresolvable-lock/state/task-x1.meta kv
+631: shift
+632: :
+633: for kv in '"$@"'
+634: printf '%s\n' window=firstmate:fm-task-x1
+633: for kv in '"$@"'
+634: printf '%s\n' endpoint_task_id=task-x1
+633: for kv in '"$@"'
+634: printf '%s\n' worktree=/private/var/folders/zk/8g327wwn58x475n0vfwjlkph0000gn/T/fm-teardown-tests.VLaZgt/herdr-preflight-unresolvable-lock/wt
+633: for kv in '"$@"'
+634: printf '%s\n' project=/private/var/folders/zk/8g327wwn58x475n0vfwjlkph0000gn/T/fm-teardown-tests.VLaZgt/herdr-preflight-unresolvable-lock/project
+633: for kv in '"$@"'
+634: printf '%s\n' kind=ship
+633: for kv in '"$@"'
+634: printf '%s\n' mode=local-only
+633: for kv in '"$@"'
+634: printf '%s\n' spawn_gen=teardown-test-task-x1
+2242: configure_flat_herdr_teardown_case /private/var/folders/zk/8g327wwn58x475n0vfwjlkph0000gn/T/fm-teardown-tests.VLaZgt/herdr-preflight-unresolvable-lock
+2080: local case_dir=/private/var/folders/zk/8g327wwn58x475n0vfwjlkph0000gn/T/fm-teardown-tests.VLaZgt/herdr-preflight-unresolvable-lock
+2081: sed -i.bak 's/^window=.*/window=default:wG:pQ/' /private/var/folders/zk/8g327wwn58x475n0vfwjlkph0000gn/T/fm-teardown-tests.VLaZgt/herdr-preflight-unresolvable-lock/state/task-x1.meta
+2082: rm -f /private/var/folders/zk/8g327wwn58x475n0vfwjlkph0000gn/T/fm-teardown-tests.VLaZgt/herdr-preflight-unresolvable-lock/state/task-x1.meta.bak
+2083: printf '%s\n' backend=herdr herdr_session=default herdr_workspace_id=wG herdr_tab_id=wG:tQ herdr_pane_id=wG:pQ
+2089: cat
+2137: chmod +x /private/var/folders/zk/8g327wwn58x475n0vfwjlkph0000gn/T/fm-teardown-tests.VLaZgt/herdr-preflight-unresolvable-lock/fakebin/herdr
+2243: log=/private/var/folders/zk/8g327wwn58x475n0vfwjlkph0000gn/T/fm-teardown-tests.VLaZgt/herdr-preflight-unresolvable-lock/herdr.log
+2243: :
+2244: closed=/private/var/folders/zk/8g327wwn58x475n0vfwjlkph0000gn/T/fm-teardown-tests.VLaZgt/herdr-preflight-unresolvable-lock/closed
+2245: :
+2246: :
+2247: thlog=/private/var/folders/zk/8g327wwn58x475n0vfwjlkph0000gn/T/fm-teardown-tests.VLaZgt/herdr-preflight-unresolvable-lock/treehouse.log
+2247: :
+2248: cat
+2253: chmod +x /private/var/folders/zk/8g327wwn58x475n0vfwjlkph0000gn/T/fm-teardown-tests.VLaZgt/herdr-preflight-unresolvable-lock/fakebin/treehouse
+2255: teardown_bin=/Users/bastotecnologia/.no-mistakes/worktrees/5a1fd3284f12/01M34QFFNA8GHX8N66YZVVJXKG/bin/fm-teardown.sh
+2256: case "$mode" in
+2274: rc=0
+2275: FM_ROOT_OVERRIDE=/Users/bastotecnologia/.no-mistakes/worktrees/5a1fd3284f12/01M34QFFNA8GHX8N66YZVVJXKG
+2275: FM_STATE_OVERRIDE=/private/var/folders/zk/8g327wwn58x475n0vfwjlkph0000gn/T/fm-teardown-tests.VLaZgt/herdr-preflight-unresolvable-lock/state
+2275: FM_DATA_OVERRIDE=/private/var/folders/zk/8g327wwn58x475n0vfwjlkph0000gn/T/fm-teardown-tests.VLaZgt/herdr-preflight-unresolvable-lock/data
+2275: FM_CONFIG_OVERRIDE=/private/var/folders/zk/8g327wwn58x475n0vfwjlkph0000gn/T/fm-teardown-tests.VLaZgt/herdr-preflight-unresolvable-lock/config
+2275: FM_FAKE_HERDR_LOG=/private/var/folders/zk/8g327wwn58x475n0vfwjlkph0000gn/T/fm-teardown-tests.VLaZgt/herdr-preflight-unresolvable-lock/herdr.log
+2275: FM_FAKE_HERDR_CLOSED=/private/var/folders/zk/8g327wwn58x475n0vfwjlkph0000gn/T/fm-teardown-tests.VLaZgt/herdr-preflight-unresolvable-lock/closed
++2275: '[' unresolvable-lock = unresolvable-lock ']'
++2275: printf 1
+2275: FM_FAKE_HERDR_SESSION_LIST_GARBAGE=1
+2275: PATH='/private/var/folders/zk/8g327wwn58x475n0vfwjlkph0000gn/T/fm-teardown-tests.VLaZgt/herdr-preflight-unresolvable-lock/fakebin:/Users/bastotecnologia/.pi/agent/bin:/Users/bastotecnologia/.local/bin:/opt/homebrew/share/google-cloud-sdk/bin:/Users/bastotecnologia/bin:/Users/bastotecnologia/.pyenv/shims:/usr/local/share/google-cloud-sdk/bin:/Users/bastotecnologia/.bun/bin:/Users/bastotecnologia/dotfiles/bin:/Users/bastotecnologia/.local/bin:/Users/bastotecnologia/.platformio/penv/bin:/Users/bastotecnologia/Library/Android/sdk/platform-tools:/Library/Java/JavaVirtualMachines/temurin-21.jdk/Contents/Home/bin:/Users/bastotecnologia/.antigravity/antigravity/bin:/Users/bastotecnologia/.opencode/bin:/Users/bastotecnologia/.openfang/bin:/Users/bastotecnologia/Library/Application Support/carapace/bin:/Users/bastotecnologia/.nvm/versions/node/v22.22.0/bin:/usr/local/bin:/System/Cryptexes/App/usr/bin:/usr/bin:/bin:/usr/sbin:/sbin:/var/run/com.apple.security.cryptexd/codex.system/bootstrap/usr/local/bin:/var/run/com.apple.security.cryptexd/codex.system/bootstrap/usr/bin:/var/run/com.apple.security.cryptexd/codex.system/bootstrap/usr/appleinternal/bin:/pkg/env/global/bin:/opt/X11/bin:/Library/Apple/usr/bin:/usr/local/share/dotnet:~/.dotnet/tools:/Users/bastotecnologia/.wasmedge/bin:/Users/bastotecnologia/go/bin:/Users/bastotecnologia/.cargo/bin:/Users/bastotecnologia/bin:/usr/local/sbin:/Users/bastotecnologia/.orbstack/bin:/opt/homebrew/bin:/opt/homebrew/sbin:/opt/homebrew/opt/qt@5/bin:/opt/homebrew/opt/mysql-client/bin:/opt/homebrew/opt/riscv-openocd/bin:/opt/homebrew/Cellar/riscv-gnu-toolchain/main/bin'
+2275: /Users/bastotecnologia/.no-mistakes/worktrees/5a1fd3284f12/01M34QFFNA8GHX8N66YZVVJXKG/bin/fm-teardown.sh task-x1 --force
+2279: rc=1
+2280: '[' 1 -ne 0 ']'
+2281: assert_grep 'nothing was changed' /private/var/folders/zk/8g327wwn58x475n0vfwjlkph0000gn/T/fm-teardown-tests.VLaZgt/herdr-preflight-unresolvable-lock/stderr 'herdr-preflight-unresolvable-lock: the retryable pre-return refusal was not explained visibly'
+696: grep -F -- 'nothing was changed' /private/var/folders/zk/8g327wwn58x475n0vfwjlkph0000gn/T/fm-teardown-tests.VLaZgt/herdr-preflight-unresolvable-lock/stderr
+2283: '[' -d /private/var/folders/zk/8g327wwn58x475n0vfwjlkph0000gn/T/fm-teardown-tests.VLaZgt/herdr-preflight-unresolvable-lock/wt ']'
++2284: git -C /private/var/folders/zk/8g327wwn58x475n0vfwjlkph0000gn/T/fm-teardown-tests.VLaZgt/herdr-preflight-unresolvable-lock/wt rev-parse --abbrev-ref HEAD
+2284: '[' fm/task-x1 = fm/task-x1 ']'
+2286: '[' -e /private/var/folders/zk/8g327wwn58x475n0vfwjlkph0000gn/T/fm-teardown-tests.VLaZgt/herdr-preflight-unresolvable-lock/state/task-x1.meta ']'
+2288: '[' -e /private/var/folders/zk/8g327wwn58x475n0vfwjlkph0000gn/T/fm-teardown-tests.VLaZgt/herdr-preflight-unresolvable-lock/state/task-x1.status ']'
+2290: '[' -e /private/var/folders/zk/8g327wwn58x475n0vfwjlkph0000gn/T/fm-teardown-tests.VLaZgt/herdr-preflight-unresolvable-lock/state/task-x1.turn-ended ']'
+2292: '[' '!' -s /private/var/folders/zk/8g327wwn58x475n0vfwjlkph0000gn/T/fm-teardown-tests.VLaZgt/herdr-preflight-unresolvable-lock/treehouse.log ']'
+2293: '[' '!' -e /private/var/folders/zk/8g327wwn58x475n0vfwjlkph0000gn/T/fm-teardown-tests.VLaZgt/herdr-preflight-unresolvable-lock/closed ']'
+2298: assert_herdr_teardown_preflight_refuses_before_changes missing-adapter
+2239: local mode=missing-adapter case_dir log closed rc thlog teardown_bin
++2240: make_case herdr-preflight-missing-adapter
++80: local name=herdr-preflight-missing-adapter case_dir fakebin
++81: case_dir=/private/var/folders/zk/8g327wwn58x475n0vfwjlkph0000gn/T/fm-teardown-tests.VLaZgt/herdr-preflight-missing-adapter
++82: fakebin=/private/var/folders/zk/8g327wwn58x475n0vfwjlkph0000gn/T/fm-teardown-tests.VLaZgt/herdr-preflight-missing-adapter/fakebin
++83: mkdir -p /private/var/folders/zk/8g327wwn58x475n0vfwjlkph0000gn/T/fm-teardown-tests.VLaZgt/herdr-preflight-missing-adapter/state /private/var/folders/zk/8g327wwn58x475n0vfwjlkph0000gn/T/fm-teardown-tests.VLaZgt/herdr-preflight-missing-adapter/config /private/var/folders/zk/8g327wwn58x475n0vfwjlkph0000gn/T/fm-teardown-tests.VLaZgt/herdr-preflight-missing-adapter/data /private/var/folders/zk/8g327wwn58x475n0vfwjlkph0000gn/T/fm-teardown-tests.VLaZgt/herdr-preflight-missing-adapter/fakebin
++87: cat
++92: cat
++101: cat
++109: cat
++129: cat
++168: chmod +x /private/var/folders/zk/8g327wwn58x475n0vfwjlkph0000gn/T/fm-teardown-tests.VLaZgt/herdr-preflight-missing-adapter/fakebin/treehouse /private/var/folders/zk/8g327wwn58x475n0vfwjlkph0000gn/T/fm-teardown-tests.VLaZgt/herdr-preflight-missing-adapter/fakebin/tmux /private/var/folders/zk/8g327wwn58x475n0vfwjlkph0000gn/T/fm-teardown-tests.VLaZgt/herdr-preflight-missing-adapter/fakebin/gh-axi /private/var/folders/zk/8g327wwn58x475n0vfwjlkph0000gn/T/fm-teardown-tests.VLaZgt/herdr-preflight-missing-adapter/fakebin/gh /private/var/folders/zk/8g327wwn58x475n0vfwjlkph0000gn/T/fm-teardown-tests.VLaZgt/herdr-preflight-missing-adapter/fakebin/no-mistakes
++171: git init -q --bare /private/var/folders/zk/8g327wwn58x475n0vfwjlkph0000gn/T/fm-teardown-tests.VLaZgt/herdr-preflight-missing-adapter/origin.git
++172: git -C /private/var/folders/zk/8g327wwn58x475n0vfwjlkph0000gn/T/fm-teardown-tests.VLaZgt/herdr-preflight-missing-adapter/origin.git symbolic-ref HEAD refs/heads/main
++174: git clone -q /private/var/folders/zk/8g327wwn58x475n0vfwjlkph0000gn/T/fm-teardown-tests.VLaZgt/herdr-preflight-missing-adapter/origin.git /private/var/folders/zk/8g327wwn58x475n0vfwjlkph0000gn/T/fm-teardown-tests.VLaZgt/herdr-preflight-missing-adapter/_seed
++175: git -C /private/var/folders/zk/8g327wwn58x475n0vfwjlkph0000gn/T/fm-teardown-tests.VLaZgt/herdr-preflight-missing-adapter/_seed -c user.email=t@t -c user.name=t commit -q --allow-empty -m 'origin baseline'
++177: git -C /private/var/folders/zk/8g327wwn58x475n0vfwjlkph0000gn/T/fm-teardown-tests.VLaZgt/herdr-preflight-missing-adapter/_seed push -q origin main
++178: rm -rf /private/var/folders/zk/8g327wwn58x475n0vfwjlkph0000gn/T/fm-teardown-tests.VLaZgt/herdr-preflight-missing-adapter/_seed
++180: git clone -q /private/var/folders/zk/8g327wwn58x475n0vfwjlkph0000gn/T/fm-teardown-tests.VLaZgt/herdr-preflight-missing-adapter/origin.git /private/var/folders/zk/8g327wwn58x475n0vfwjlkph0000gn/T/fm-teardown-tests.VLaZgt/herdr-preflight-missing-adapter/project
++181: git -C /private/var/folders/zk/8g327wwn58x475n0vfwjlkph0000gn/T/fm-teardown-tests.VLaZgt/herdr-preflight-missing-adapter/project remote set-head origin main
++183: git -C /private/var/folders/zk/8g327wwn58x475n0vfwjlkph0000gn/T/fm-teardown-tests.VLaZgt/herdr-preflight-missing-adapter/project worktree add -q -b fm/task-x1 /private/var/folders/zk/8g327wwn58x475n0vfwjlkph0000gn/T/fm-teardown-tests.VLaZgt/herdr-preflight-missing-adapter/wt main
++186: touch /private/var/folders/zk/8g327wwn58x475n0vfwjlkph0000gn/T/fm-teardown-tests.VLaZgt/herdr-preflight-missing-adapter/state/.last-watcher-beat
++188: printf '%s\n' /private/var/folders/zk/8g327wwn58x475n0vfwjlkph0000gn/T/fm-teardown-tests.VLaZgt/herdr-preflight-missing-adapter
+2240: case_dir=/private/var/folders/zk/8g327wwn58x475n0vfwjlkph0000gn/T/fm-teardown-tests.VLaZgt/herdr-preflight-missing-adapter
+2241: write_meta /private/var/folders/zk/8g327wwn58x475n0vfwjlkph0000gn/T/fm-teardown-tests.VLaZgt/herdr-preflight-missing-adapter local-only ship
+193: local case_dir=/private/var/folders/zk/8g327wwn58x475n0vfwjlkph0000gn/T/fm-teardown-tests.VLaZgt/herdr-preflight-missing-adapter mode=local-only kind=ship
+194: fm_write_meta /private/var/folders/zk/8g327wwn58x475n0vfwjlkph0000gn/T/fm-teardown-tests.VLaZgt/herdr-preflight-missing-adapter/state/task-x1.meta window=firstmate:fm-task-x1 endpoint_task_id=task-x1 worktree=/private/var/folders/zk/8g327wwn58x475n0vfwjlkph0000gn/T/fm-teardown-tests.VLaZgt/herdr-preflight-missing-adapter/wt project=/private/var/folders/zk/8g327wwn58x475n0vfwjlkph0000gn/T/fm-teardown-tests.VLaZgt/herdr-preflight-missing-adapter/project kind=ship mode=local-only spawn_gen=teardown-test-task-x1
+630: local file=/private/var/folders/zk/8g327wwn58x475n0vfwjlkph0000gn/T/fm-teardown-tests.VLaZgt/herdr-preflight-missing-adapter/state/task-x1.meta kv
+631: shift
+632: :
+633: for kv in '"$@"'
+634: printf '%s\n' window=firstmate:fm-task-x1
+633: for kv in '"$@"'
+634: printf '%s\n' endpoint_task_id=task-x1
+633: for kv in '"$@"'
+634: printf '%s\n' worktree=/private/var/folders/zk/8g327wwn58x475n0vfwjlkph0000gn/T/fm-teardown-tests.VLaZgt/herdr-preflight-missing-adapter/wt
+633: for kv in '"$@"'
+634: printf '%s\n' project=/private/var/folders/zk/8g327wwn58x475n0vfwjlkph0000gn/T/fm-teardown-tests.VLaZgt/herdr-preflight-missing-adapter/project
+633: for kv in '"$@"'
+634: printf '%s\n' kind=ship
+633: for kv in '"$@"'
+634: printf '%s\n' mode=local-only
+633: for kv in '"$@"'
+634: printf '%s\n' spawn_gen=teardown-test-task-x1
+2242: configure_flat_herdr_teardown_case /private/var/folders/zk/8g327wwn58x475n0vfwjlkph0000gn/T/fm-teardown-tests.VLaZgt/herdr-preflight-missing-adapter
+2080: local case_dir=/private/var/folders/zk/8g327wwn58x475n0vfwjlkph0000gn/T/fm-teardown-tests.VLaZgt/herdr-preflight-missing-adapter
+2081: sed -i.bak 's/^window=.*/window=default:wG:pQ/' /private/var/folders/zk/8g327wwn58x475n0vfwjlkph0000gn/T/fm-teardown-tests.VLaZgt/herdr-preflight-missing-adapter/state/task-x1.meta
+2082: rm -f /private/var/folders/zk/8g327wwn58x475n0vfwjlkph0000gn/T/fm-teardown-tests.VLaZgt/herdr-preflight-missing-adapter/state/task-x1.meta.bak
+2083: printf '%s\n' backend=herdr herdr_session=default herdr_workspace_id=wG herdr_tab_id=wG:tQ herdr_pane_id=wG:pQ
+2089: cat
+2137: chmod +x /private/var/folders/zk/8g327wwn58x475n0vfwjlkph0000gn/T/fm-teardown-tests.VLaZgt/herdr-preflight-missing-adapter/fakebin/herdr
+2243: log=/private/var/folders/zk/8g327wwn58x475n0vfwjlkph0000gn/T/fm-teardown-tests.VLaZgt/herdr-preflight-missing-adapter/herdr.log
+2243: :
+2244: closed=/private/var/folders/zk/8g327wwn58x475n0vfwjlkph0000gn/T/fm-teardown-tests.VLaZgt/herdr-preflight-missing-adapter/closed
+2245: :
+2246: :
+2247: thlog=/private/var/folders/zk/8g327wwn58x475n0vfwjlkph0000gn/T/fm-teardown-tests.VLaZgt/herdr-preflight-missing-adapter/treehouse.log
+2247: :
+2248: cat
+2253: chmod +x /private/var/folders/zk/8g327wwn58x475n0vfwjlkph0000gn/T/fm-teardown-tests.VLaZgt/herdr-preflight-missing-adapter/fakebin/treehouse
+2255: teardown_bin=/Users/bastotecnologia/.no-mistakes/worktrees/5a1fd3284f12/01M34QFFNA8GHX8N66YZVVJXKG/bin/fm-teardown.sh
+2256: case "$mode" in
+2258: mkdir -p /private/var/folders/zk/8g327wwn58x475n0vfwjlkph0000gn/T/fm-teardown-tests.VLaZgt/herdr-preflight-missing-adapter/test-root
+2259: cp -R /Users/bastotecnologia/.no-mistakes/worktrees/5a1fd3284f12/01M34QFFNA8GHX8N66YZVVJXKG/bin /private/var/folders/zk/8g327wwn58x475n0vfwjlkph0000gn/T/fm-teardown-tests.VLaZgt/herdr-preflight-missing-adapter/test-root/bin
+2260: '[' missing-adapter = missing-adapter ']'
+2261: rm -f /private/var/folders/zk/8g327wwn58x475n0vfwjlkph0000gn/T/fm-teardown-tests.VLaZgt/herdr-preflight-missing-adapter/test-root/bin/backends/herdr.sh
+2271: teardown_bin=/private/var/folders/zk/8g327wwn58x475n0vfwjlkph0000gn/T/fm-teardown-tests.VLaZgt/herdr-preflight-missing-adapter/test-root/bin/fm-teardown.sh
+2274: rc=0
+2275: FM_ROOT_OVERRIDE=/Users/bastotecnologia/.no-mistakes/worktrees/5a1fd3284f12/01M34QFFNA8GHX8N66YZVVJXKG
+2275: FM_STATE_OVERRIDE=/private/var/folders/zk/8g327wwn58x475n0vfwjlkph0000gn/T/fm-teardown-tests.VLaZgt/herdr-preflight-missing-adapter/state
+2275: FM_DATA_OVERRIDE=/private/var/folders/zk/8g327wwn58x475n0vfwjlkph0000gn/T/fm-teardown-tests.VLaZgt/herdr-preflight-missing-adapter/data
+2275: FM_CONFIG_OVERRIDE=/private/var/folders/zk/8g327wwn58x475n0vfwjlkph0000gn/T/fm-teardown-tests.VLaZgt/herdr-preflight-missing-adapter/config
+2275: FM_FAKE_HERDR_LOG=/private/var/folders/zk/8g327wwn58x475n0vfwjlkph0000gn/T/fm-teardown-tests.VLaZgt/herdr-preflight-missing-adapter/herdr.log
+2275: FM_FAKE_HERDR_CLOSED=/private/var/folders/zk/8g327wwn58x475n0vfwjlkph0000gn/T/fm-teardown-tests.VLaZgt/herdr-preflight-missing-adapter/closed
++2275: '[' missing-adapter = unresolvable-lock ']'
++2275: printf 0
+2275: FM_FAKE_HERDR_SESSION_LIST_GARBAGE=0
+2275: PATH='/private/var/folders/zk/8g327wwn58x475n0vfwjlkph0000gn/T/fm-teardown-tests.VLaZgt/herdr-preflight-missing-adapter/fakebin:/Users/bastotecnologia/.pi/agent/bin:/Users/bastotecnologia/.local/bin:/opt/homebrew/share/google-cloud-sdk/bin:/Users/bastotecnologia/bin:/Users/bastotecnologia/.pyenv/shims:/usr/local/share/google-cloud-sdk/bin:/Users/bastotecnologia/.bun/bin:/Users/bastotecnologia/dotfiles/bin:/Users/bastotecnologia/.local/bin:/Users/bastotecnologia/.platformio/penv/bin:/Users/bastotecnologia/Library/Android/sdk/platform-tools:/Library/Java/JavaVirtualMachines/temurin-21.jdk/Contents/Home/bin:/Users/bastotecnologia/.antigravity/antigravity/bin:/Users/bastotecnologia/.opencode/bin:/Users/bastotecnologia/.openfang/bin:/Users/bastotecnologia/Library/Application Support/carapace/bin:/Users/bastotecnologia/.nvm/versions/node/v22.22.0/bin:/usr/local/bin:/System/Cryptexes/App/usr/bin:/usr/bin:/bin:/usr/sbin:/sbin:/var/run/com.apple.security.cryptexd/codex.system/bootstrap/usr/local/bin:/var/run/com.apple.security.cryptexd/codex.system/bootstrap/usr/bin:/var/run/com.apple.security.cryptexd/codex.system/bootstrap/usr/appleinternal/bin:/pkg/env/global/bin:/opt/X11/bin:/Library/Apple/usr/bin:/usr/local/share/dotnet:~/.dotnet/tools:/Users/bastotecnologia/.wasmedge/bin:/Users/bastotecnologia/go/bin:/Users/bastotecnologia/.cargo/bin:/Users/bastotecnologia/bin:/usr/local/sbin:/Users/bastotecnologia/.orbstack/bin:/opt/homebrew/bin:/opt/homebrew/sbin:/opt/homebrew/opt/qt@5/bin:/opt/homebrew/opt/mysql-client/bin:/opt/homebrew/opt/riscv-openocd/bin:/opt/homebrew/Cellar/riscv-gnu-toolchain/main/bin'
+2275: /private/var/folders/zk/8g327wwn58x475n0vfwjlkph0000gn/T/fm-teardown-tests.VLaZgt/herdr-preflight-missing-adapter/test-root/bin/fm-teardown.sh task-x1 --force
+2280: '[' 0 -ne 0 ']'
+2280: fail 'herdr-preflight-missing-adapter: teardown continued without its required preflight'
+81: printf 'not ok - %s\n' 'herdr-preflight-missing-adapter: teardown continued without its required preflight'
not ok - herdr-preflight-missing-adapter: teardown continued without its required preflight
+82: exit 1
+82: fm_test_cleanup
+278: local d
+279: fm_test_reap_procevent_homes
+249: local home claim_root 'seen=
'
+250: '[' -f /var/folders/zk/8g327wwn58x475n0vfwjlkph0000gn/T//.fm-test-procevent.34692.zoMfPM ']'
+251: IFS='	'
+251: read -r home claim_root
+264: rm -f /var/folders/zk/8g327wwn58x475n0vfwjlkph0000gn/T//.fm-test-procevent.34692.zoMfPM
+280: for d in '"${FM_TEST_CLEANUP_DIRS[@]:-}"'
+281: '[' -n '' ']'
+283: fm_test_reap_helper_pids
+144: local pid
+145: '[' -f /var/folders/zk/8g327wwn58x475n0vfwjlkph0000gn/T//.fm-test-helpers.34692.ZjTB4H ']'
+146: IFS=
+146: read -r pid
+149: :
+284: rm -f /var/folders/zk/8g327wwn58x475n0vfwjlkph0000gn/T//.fm-test-helpers.34692.ZjTB4H
+285: '[' -f /var/folders/zk/8g327wwn58x475n0vfwjlkph0000gn/T//.fm-test-cleanup.34692.CUZsNs ']'
+286: IFS=
+286: read -r d
+287: '[' -n /private/var/folders/zk/8g327wwn58x475n0vfwjlkph0000gn/T/fm-teardown-tests.VLaZgt ']'
+287: rm -rf /private/var/folders/zk/8g327wwn58x475n0vfwjlkph0000gn/T/fm-teardown-tests.VLaZgt
+286: IFS=
+286: read -r d
+289: rm -f /var/folders/zk/8g327wwn58x475n0vfwjlkph0000gn/T//.fm-test-cleanup.34692.CUZsNs
